user_id,user_index
U00000,0
U00001,1
U00002,2
U00003,3
U00004,4
U00005,5
U00006,6
U00007,7
U00008,8
U00009,9
U00010,10
U00011,11
U00012,12
U00013,13
U00014,14
U00015,15
U00016,16
U00017,17
U00018,18
U00019,19
U00020,20
U00021,21
U00022,22
U00023,23
U00024,24
U00025,25
U00026,26
U00027,27
U00028,28
U00029,29
U00030,30
U00031,31
U00032,32
U00033,33
U00034,34
U00035,35
U00036,36
U00037,37
U00038,38
U00039,39
U00040,40
U00041,41
U00042,42
U00043,43
U00044,44
U00045,45
U00046,46
U00047,47
U00048,48
U00049,49
U00050,50
U00051,51
U00052,52
U00053,53
U00054,54
U00055,55
U00056,56
U00057,57
U00058,58
U00059,59
U00060,60
U00061,61
U00062,62
U00063,63
U00064,64
U00065,65
U00066,66
U00067,67
U00068,68
U00069,69
U00070,70
U00071,71
U00072,72
U00073,73
U00074,74
U00075,75
U00076,76
U00077,77
U00078,78
U00079,79
U00080,80
U00081,81
U00082,82
U00083,83
U00084,84
U00085,85
U00086,86
U00087,87
U00088,88
U00089,89
U00090,90
U00091,91
U00092,92
U00093,93
U00094,94
U00095,95
U00096,96
U00097,97
U00098,98
U00099,99
U00100,100
U00101,101
U00102,102
U00103,103
U00104,104
U00105,105
U00106,106
U00107,107
U00108,108
U00109,109
U00110,110
U00111,111
U00112,112
U00113,113
U00114,114
U00115,115
U00116,116
U00117,117
U00118,118
U00119,119
U00120,120
U00121,121
U00122,122
U00123,123
U00124,124
U00125,125
U00126,126
U00127,127
U00128,128
U00129,129
U00130,130
U00131,131
U00132,132
U00133,133
U00134,134
U00135,135
U00136,136
U00137,137
U00138,138
U00139,139
U00140,140
U00141,141
U00142,142
U00143,143
U00144,144
U00145,145
U00146,146
U00147,147
U00148,148
U00149,149
U00150,150
U00151,151
U00152,152
U00153,153
U00154,154
U00155,155
U00156,156
U00157,157
U00158,158
U00159,159
U00160,160
U00161,161
U00162,162
U00163,163
U00164,164
U00165,165
U00166,166
U00167,167
U00168,168
U00169,169
U00170,170
U00171,171
U00172,172
U00173,173
U00174,174
U00175,175
U00176,176
U00177,177
U00178,178
U00179,179
U00180,180
U00181,181
U00182,182
U00183,183
U00184,184
U00185,185
U00186,186
U00187,187
U00188,188
U00189,189
U00190,190
U00191,191
U00192,192
U00193,193
U00194,194
U00195,195
U00196,196
U00197,197
U00198,198
U00199,199
U00200,200
U00201,201
U00202,202
U00203,203
U00204,204
U00205,205
U00206,206
U00207,207
U00208,208
U00209,209
U00210,210
U00211,211
U00212,212
U00213,213
U00214,214
U00215,215
U00216,216
U00217,217
U00218,218
U00219,219
U00220,220
U00221,221
U00222,222
U00223,223
U00224,224
U00225,225
U00226,226
U00227,227
U00228,228
U00229,229
U00230,230
U00231,231
U00232,232
U00233,233
U00234,234
U00235,235
U00236,236
U00237,237
U00238,238
U00239,239
U00240,240
U00241,241
U00242,242
U00243,243
U00244,244
U00245,245
U00246,246
U00247,247
U00248,248
U00249,249
U00250,250
U00251,251
U00252,252
U00253,253
U00254,254
U00255,255
U00256,256
U00257,257
U00258,258
U00259,259
U00260,260
U00261,261
U00262,262
U00263,263
U00264,264
U00265,265
U00266,266
U00267,267
U00268,268
U00269,269
U00270,270
U00271,271
U00272,272
U00273,273
U00274,274
U00275,275
U00276,276
U00277,277
U00278,278
U00279,279
U00280,280
U00281,281
U00282,282
U00283,283
U00284,284
U00285,285
U00286,286
U00287,287
U00288,288
U00289,289
U00290,290
U00291,291
U00292,292
U00293,293
U00294,294
U00295,295
U00296,296
U00297,297
U00298,298
U00299,299
U00300,300
U00301,301
U00302,302
U00303,303
U00304,304
U00305,305
U00306,306
U00307,307
U00308,308
U00309,309
U00310,310
U00311,311
U00312,312
U00313,313
U00314,314
U00315,315
U00316,316
U00317,317
U00318,318
U00319,319
U00320,320
U00321,321
U00322,322
U00323,323
U00324,324
U00325,325
U00326,326
U00327,327
U00328,328
U00329,329
U00330,330
U00331,331
U00332,332
U00333,333
U00334,334
U00335,335
U00336,336
U00337,337
U00338,338
U00339,339
U00340,340
U00341,341
U00342,342
U00343,343
U00344,344
U00345,345
U00346,346
U00347,347
U00348,348
U00349,349
U00350,350
U00351,351
U00352,352
U00353,353
U00354,354
U00355,355
U00356,356
U00357,357
U00358,358
U00359,359
U00360,360
U00361,361
U00362,362
U00363,363
U00364,364
U00365,365
U00366,366
U00367,367
U00368,368
U00369,369
U00370,370
U00371,371
U00372,372
U00373,373
U00374,374
U00375,375
U00376,376
U00377,377
U00378,378
U00379,379
U00380,380
U00381,381
U00382,382
U00383,383
U00384,384
U00385,385
U00386,386
U00387,387
U00388,388
U00389,389
U00390,390
U00391,391
U00392,392
U00393,393
U00394,394
U00395,395
U00396,396
U00397,397
U00398,398
U00399,399
U00400,400
U00401,401
U00402,402
U00403,403
U00404,404
U00405,405
U00406,406
U00407,407
U00408,408
U00409,409
U00410,410
U00411,411
U00412,412
U00413,413
U00414,414
U00415,415
U00416,416
U00417,417
U00418,418
U00419,419
U00420,420
U00421,421
U00422,422
U00423,423
U00424,424
U00425,425
U00426,426
U00427,427
U00428,428
U00429,429
U00430,430
U00431,431
U00432,432
U00433,433
U00434,434
U00435,435
U00436,436
U00437,437
U00438,438
U00439,439
U00440,440
U00441,441
U00442,442
U00443,443
U00444,444
U00445,445
U00446,446
U00447,447
U00448,448
U00449,449
U00450,450
U00451,451
U00452,452
U00453,453
U00454,454
U00455,455
U00456,456
U00457,457
U00458,458
U00459,459
U00460,460
U00461,461
U00462,462
U00463,463
U00464,464
U00465,465
U00466,466
U00467,467
U00468,468
U00469,469
U00470,470
U00471,471
U00472,472
U00473,473
U00474,474
U00475,475
U00476,476
U00477,477
U00478,478
U00479,479
U00480,480
U00481,481
U00482,482
U00483,483
U00484,484
U00485,485
U00486,486
U00487,487
U00488,488
U00489,489
U00490,490
U00491,491
U00492,492
U00493,493
U00494,494
U00495,495
U00496,496
U00497,497
U00498,498
U00499,499
U00500,500
U00501,501
U00502,502
U00503,503
U00504,504
U00505,505
U00506,506
U00507,507
U00508,508
U00509,509
U00510,510
U00511,511
U00512,512
U00513,513
U00514,514
U00515,515
U00516,516
U00517,517
U00518,518
U00519,519
U00520,520
U00521,521
U00522,522
U00523,523
U00524,524
U00525,525
U00526,526
U00527,527
U00528,528
U00529,529
U00530,530
U00531,531
U00532,532
U00533,533
U00534,534
U00535,535
U00536,536
U00537,537
U00538,538
U00539,539
U00540,540
U00541,541
U00542,542
U00543,543
U00544,544
U00545,545
U00546,546
U00547,547
U00548,548
U00549,549
U00550,550
U00551,551
U00552,552
U00553,553
U00554,554
U00555,555
U00556,556
U00557,557
U00558,558
U00559,559
U00560,560
U00561,561
U00562,562
U00563,563
U00564,564
U00565,565
U00566,566
U00567,567
U00568,568
U00569,569
U00570,570
U00571,571
U00572,572
U00573,573
U00574,574
U00575,575
U00576,576
U00577,577
U00578,578
U00579,579
U00580,580
U00581,581
U00582,582
U00583,583
U00584,584
U00585,585
U00586,586
U00587,587
U00588,588
U00589,589
U00590,590
U00591,591
U00592,592
U00593,593
U00594,594
U00595,595
U00596,596
U00597,597
U00598,598
U00599,599
U00600,600
U00601,601
U00602,602
U00603,603
U00604,604
U00605,605
U00606,606
U00607,607
U00608,608
U00609,609
U00610,610
U00611,611
U00612,612
U00613,613
U00614,614
U00615,615
U00616,616
U00617,617
U00618,618
U00619,619
U00620,620
U00621,621
U00622,622
U00623,623
U00624,624
U00625,625
U00626,626
U00627,627
U00628,628
U00629,629
U00630,630
U00631,631
U00632,632
U00633,633
U00634,634
U00635,635
U00636,636
U00637,637
U00638,638
U00639,639
U00640,640
U00641,641
U00642,642
U00643,643
U00644,644
U00645,645
U00646,646
U00647,647
U00648,648
U00649,649
U00650,650
U00651,651
U00652,652
U00653,653
U00654,654
U00655,655
U00656,656
U00657,657
U00658,658
U00659,659
U00660,660
U00661,661
U00662,662
U00663,663
U00664,664
U00665,665
U00666,666
U00667,667
U00668,668
U00669,669
U00670,670
U00671,671
U00672,672
U00673,673
U00674,674
U00675,675
U00676,676
U00677,677
U00678,678
U00679,679
U00680,680
U00681,681
U00682,682
U00683,683
U00684,684
U00685,685
U00686,686
U00687,687
U00688,688
U00689,689
U00690,690
U00691,691
U00692,692
U00693,693
U00694,694
U00695,695
U00696,696
U00697,697
U00698,698
U00699,699
U00700,700
U00701,701
U00702,702
U00703,703
U00704,704
U00705,705
U00706,706
U00707,707
U00708,708
U00709,709
U00710,710
U00711,711
U00712,712
U00713,713
U00714,714
U00715,715
U00716,716
U00717,717
U00718,718
U00719,719
U00720,720
U00721,721
U00722,722
U00723,723
U00724,724
U00725,725
U00726,726
U00727,727
U00728,728
U00729,729
U00730,730
U00731,731
U00732,732
U00733,733
U00734,734
U00735,735
U00736,736
U00737,737
U00738,738
U00739,739
U00740,740
U00741,741
U00742,742
U00743,743
U00744,744
U00745,745
U00746,746
U00747,747
U00748,748
U00749,749
U00750,750
U00751,751
U00752,752
U00753,753
U00754,754
U00755,755
U00756,756
U00757,757
U00758,758
U00759,759
U00760,760
U00761,761
U00762,762
U00763,763
U00764,764
U00765,765
U00766,766
U00767,767
U00768,768
U00769,769
U00770,770
U00771,771
U00772,772
U00773,773
U00774,774
U00775,775
U00776,776
U00777,777
U00778,778
U00779,779
U00780,780
U00781,781
U00782,782
U00783,783
U00784,784
U00785,785
U00786,786
U00787,787
U00788,788
U00789,789
U00790,790
U00791,791
U00792,792
U00793,793
U00794,794
U00795,795
U00796,796
U00797,797
U00798,798
U00799,799
U00800,800
U00801,801
U00802,802
U00803,803
U00804,804
U00805,805
U00806,806
U00807,807
U00808,808
U00809,809
U00810,810
U00811,811
U00812,812
U00813,813
U00814,814
U00815,815
U00816,816
U00817,817
U00818,818
U00819,819
U00820,820
U00821,821
U00822,822
U00823,823
U00824,824
U00825,825
U00826,826
U00827,827
U00828,828
U00829,829
U00830,830
U00831,831
U00832,832
U00833,833
U00834,834
U00835,835
U00836,836
U00837,837
U00838,838
U00839,839
U00840,840
U00841,841
U00842,842
U00843,843
U00844,844
U00845,845
U00846,846
U00847,847
U00848,848
U00849,849
U00850,850
U00851,851
U00852,852
U00853,853
U00854,854
U00855,855
U00856,856
U00857,857
U00858,858
U00859,859
U00860,860
U00861,861
U00862,862
U00863,863
U00864,864
U00865,865
U00866,866
U00867,867
U00868,868
U00869,869
U00870,870
U00871,871
U00872,872
U00873,873
U00874,874
U00875,875
U00876,876
U00877,877
U00878,878
U00879,879
U00880,880
U00881,881
U00882,882
U00883,883
U00884,884
U00885,885
U00886,886
U00887,887
U00888,888
U00889,889
U00890,890
U00891,891
U00892,892
U00893,893
U00894,894
U00895,895
U00896,896
U00897,897
U00898,898
U00899,899
U00900,900
U00901,901
U00902,902
U00903,903
U00904,904
U00905,905
U00906,906
U00907,907
U00908,908
U00909,909
U00910,910
U00911,911
U00912,912
U00913,913
U00914,914
U00915,915
U00916,916
U00917,917
U00918,918
U00919,919
U00920,920
U00921,921
U00922,922
U00923,923
U00924,924
U00925,925
U00926,926
U00927,927
U00928,928
U00929,929
U00930,930
U00931,931
U00932,932
U00933,933
U00934,934
U00935,935
U00936,936
U00937,937
U00938,938
U00939,939
U00940,940
U00941,941
U00942,942
U00943,943
U00944,944
U00945,945
U00946,946
U00947,947
U00948,948
U00949,949
U00950,950
U00951,951
U00952,952
U00953,953
U00954,954
U00955,955
U00956,956
U00957,957
U00958,958
U00959,959
U00960,960
U00961,961
U00962,962
U00963,963
U00964,964
U00965,965
U00966,966
U00967,967
U00968,968
U00969,969
U00970,970
U00971,971
U00972,972
U00973,973
U00974,974
U00975,975
U00976,976
U00977,977
U00978,978
U00979,979
U00980,980
U00981,981
U00982,982
U00983,983
U00984,984
U00985,985
U00986,986
U00987,987
U00988,988
U00989,989
U00990,990
U00991,991
U00992,992
U00993,993
U00994,994
U00995,995
U00996,996
U00997,997
U00998,998
U00999,999
U01000,1000
U01001,1001
U01002,1002
U01003,1003
U01004,1004
U01005,1005
U01006,1006
U01007,1007
U01008,1008
U01009,1009
U01010,1010
U01011,1011
U01012,1012
U01013,1013
U01014,1014
U01015,1015
U01016,1016
U01017,1017
U01018,1018
U01019,1019
U01020,1020
U01021,1021
U01022,1022
U01023,1023
U01024,1024
U01025,1025
U01026,1026
U01027,1027
U01028,1028
U01029,1029
U01030,1030
U01031,1031
U01032,1032
U01033,1033
U01034,1034
U01035,1035
U01036,1036
U01037,1037
U01038,1038
U01039,1039
U01040,1040
U01041,1041
U01042,1042
U01043,1043
U01044,1044
U01045,1045
U01046,1046
U01047,1047
U01048,1048
U01049,1049
U01050,1050
U01051,1051
U01052,1052
U01053,1053
U01054,1054
U01055,1055
U01056,1056
U01057,1057
U01058,1058
U01059,1059
U01060,1060
U01061,1061
U01062,1062
U01063,1063
U01064,1064
U01065,1065
U01066,1066
U01067,1067
U01068,1068
U01069,1069
U01070,1070
U01071,1071
U01072,1072
U01073,1073
U01074,1074
U01075,1075
U01076,1076
U01077,1077
U01078,1078
U01079,1079
U01080,1080
U01081,1081
U01082,1082
U01083,1083
U01084,1084
U01085,1085
U01086,1086
U01087,1087
U01088,1088
U01089,1089
U01090,1090
U01091,1091
U01092,1092
U01093,1093
U01094,1094
U01095,1095
U01096,1096
U01097,1097
U01098,1098
U01099,1099
U01100,1100
U01101,1101
U01102,1102
U01103,1103
U01104,1104
U01105,1105
U01106,1106
U01107,1107
U01108,1108
U01109,1109
U01110,1110
U01111,1111
U01112,1112
U01113,1113
U01114,1114
U01115,1115
U01116,1116
U01117,1117
U01118,1118
U01119,1119
U01120,1120
U01121,1121
U01122,1122
U01123,1123
U01124,1124
U01125,1125
U01126,1126
U01127,1127
U01128,1128
U01129,1129
U01130,1130
U01131,1131
U01132,1132
U01133,1133
U01134,1134
U01135,1135
U01136,1136
U01137,1137
U01138,1138
U01139,1139
U01140,1140
U01141,1141
U01142,1142
U01143,1143
U01144,1144
U01145,1145
U01146,1146
U01147,1147
U01148,1148
U01149,1149
U01150,1150
U01151,1151
U01152,1152
U01153,1153
U01154,1154
U01155,1155
U01156,1156
U01157,1157
U01158,1158
U01159,1159
U01160,1160
U01161,1161
U01162,1162
U01163,1163
U01164,1164
U01165,1165
U01166,1166
U01167,1167
U01168,1168
U01169,1169
U01170,1170
U01171,1171
U01172,1172
U01173,1173
U01174,1174
U01175,1175
U01176,1176
U01177,1177
U01178,1178
U01179,1179
U01180,1180
U01181,1181
U01182,1182
U01183,1183
U01184,1184
U01185,1185
U01186,1186
U01187,1187
U01188,1188
U01189,1189
U01190,1190
U01191,1191
U01192,1192
U01193,1193
U01194,1194
U01195,1195
U01196,1196
U01197,1197
U01198,1198
U01199,1199
U01200,1200
U01201,1201
U01202,1202
U01203,1203
U01204,1204
U01205,1205
U01206,1206
U01207,1207
U01208,1208
U01209,1209
U01210,1210
U01211,1211
U01212,1212
U01213,1213
U01214,1214
U01215,1215
U01216,1216
U01217,1217
U01218,1218
U01219,1219
U01220,1220
U01221,1221
U01222,1222
U01223,1223
U01224,1224
U01225,1225
U01226,1226
U01227,1227
U01228,1228
U01229,1229
U01230,1230
U01231,1231
U01232,1232
U01233,1233
U01234,1234
U01235,1235
U01236,1236
U01237,1237
U01238,1238
U01239,1239
U01240,1240
U01241,1241
U01242,1242
U01243,1243
U01244,1244
U01245,1245
U01246,1246
U01247,1247
U01248,1248
U01249,1249
U01250,1250
U01251,1251
U01252,1252
U01253,1253
U01254,1254
U01255,1255
U01256,1256
U01257,1257
U01258,1258
U01259,1259
U01260,1260
U01261,1261
U01262,1262
U01263,1263
U01264,1264
U01265,1265
U01266,1266
U01267,1267
U01268,1268
U01269,1269
U01270,1270
U01271,1271
U01272,1272
U01273,1273
U01274,1274
U01275,1275
U01276,1276
U01277,1277
U01278,1278
U01279,1279
U01280,1280
U01281,1281
U01282,1282
U01283,1283
U01284,1284
U01285,1285
U01286,1286
U01287,1287
U01288,1288
U01289,1289
U01290,1290
U01291,1291
U01292,1292
U01293,1293
U01294,1294
U01295,1295
U01296,1296
U01297,1297
U01298,1298
U01299,1299
U01300,1300
U01301,1301
U01302,1302
U01303,1303
U01304,1304
U01305,1305
U01306,1306
U01307,1307
U01308,1308
U01309,1309
U01310,1310
U01311,1311
U01312,1312
U01313,1313
U01314,1314
U01315,1315
U01316,1316
U01317,1317
U01318,1318
U01319,1319
U01320,1320
U01321,1321
U01322,1322
U01323,1323
U01324,1324
U01325,1325
U01326,1326
U01327,1327
U01328,1328
U01329,1329
U01330,1330
U01331,1331
U01332,1332
U01333,1333
U01334,1334
U01335,1335
U01336,1336
U01337,1337
U01338,1338
U01339,1339
U01340,1340
U01341,1341
U01342,1342
U01343,1343
U01344,1344
U01345,1345
U01346,1346
U01347,1347
U01348,1348
U01349,1349
U01350,1350
U01351,1351
U01352,1352
U01353,1353
U01354,1354
U01355,1355
U01356,1356
U01357,1357
U01358,1358
U01359,1359
U01360,1360
U01361,1361
U01362,1362
U01363,1363
U01364,1364
U01365,1365
U01366,1366
U01367,1367
U01368,1368
U01369,1369
U01370,1370
U01371,1371
U01372,1372
U01373,1373
U01374,1374
U01375,1375
U01376,1376
U01377,1377
U01378,1378
U01379,1379
U01380,1380
U01381,1381
U01382,1382
U01383,1383
U01384,1384
U01385,1385
U01386,1386
U01387,1387
U01388,1388
U01389,1389
U01390,1390
U01391,1391
U01392,1392
U01393,1393
U01394,1394
U01395,1395
U01396,1396
U01397,1397
U01398,1398
U01399,1399
U01400,1400
U01401,1401
U01402,1402
U01403,1403
U01404,1404
U01405,1405
U01406,1406
U01407,1407
U01408,1408
U01409,1409
U01410,1410
U01411,1411
U01412,1412
U01413,1413
U01414,1414
U01415,1415
U01416,1416
U01417,1417
U01418,1418
U01419,1419
U01420,1420
U01421,1421
U01422,1422
U01423,1423
U01424,1424
U01425,1425
U01426,1426
U01427,1427
U01428,1428
U01429,1429
U01430,1430
U01431,1431
U01432,1432
U01433,1433
U01434,1434
U01435,1435
U01436,1436
U01437,1437
U01438,1438
U01439,1439
U01440,1440
U01441,1441
U01442,1442
U01443,1443
U01444,1444
U01445,1445
U01446,1446
U01447,1447
U01448,1448
U01449,1449
U01450,1450
U01451,1451
U01452,1452
U01453,1453
U01454,1454
U01455,1455
U01456,1456
U01457,1457
U01458,1458
U01459,1459
U01460,1460
U01461,1461
U01462,1462
U01463,1463
U01464,1464
U01465,1465
U01466,1466
U01467,1467
U01468,1468
U01469,1469
U01470,1470
U01471,1471
U01472,1472
U01473,1473
U01474,1474
U01475,1475
U01476,1476
U01477,1477
U01478,1478
U01479,1479
U01480,1480
U01481,1481
U01482,1482
U01483,1483
U01484,1484
U01485,1485
U01486,1486
U01487,1487
U01488,1488
U01489,1489
U01490,1490
U01491,1491
U01492,1492
U01493,1493
U01494,1494
U01495,1495
U01496,1496
U01497,1497
U01498,1498
U01499,1499
U01500,1500
U01501,1501
U01502,1502
U01503,1503
U01504,1504
U01505,1505
U01506,1506
U01507,1507
U01508,1508
U01509,1509
U01510,1510
U01511,1511
U01512,1512
U01513,1513
U01514,1514
U01515,1515
U01516,1516
U01517,1517
U01518,1518
U01519,1519
U01520,1520
U01521,1521
U01522,1522
U01523,1523
U01524,1524
U01525,1525
U01526,1526
U01527,1527
U01528,1528
U01529,1529
U01530,1530
U01531,1531
U01532,1532
U01533,1533
U01534,1534
U01535,1535
U01536,1536
U01537,1537
U01538,1538
U01539,1539
U01540,1540
U01541,1541
U01542,1542
U01543,1543
U01544,1544
U01545,1545
U01546,1546
U01547,1547
U01548,1548
U01549,1549
U01550,1550
U01551,1551
U01552,1552
U01553,1553
U01554,1554
U01555,1555
U01556,1556
U01557,1557
U01558,1558
U01559,1559
U01560,1560
U01561,1561
U01562,1562
U01563,1563
U01564,1564
U01565,1565
U01566,1566
U01567,1567
U01568,1568
U01569,1569
U01570,1570
U01571,1571
U01572,1572
U01573,1573
U01574,1574
U01575,1575
U01576,1576
U01577,1577
U01578,1578
U01579,1579
U01580,1580
U01581,1581
U01582,1582
U01583,1583
U01584,1584
U01585,1585
U01586,1586
U01587,1587
U01588,1588
U01589,1589
U01590,1590
U01591,1591
U01592,1592
U01593,1593
U01594,1594
U01595,1595
U01596,1596
U01597,1597
U01598,1598
U01599,1599
U01600,1600
U01601,1601
U01602,1602
U01603,1603
U01604,1604
U01605,1605
U01606,1606
U01607,1607
U01608,1608
U01609,1609
U01610,1610
U01611,1611
U01612,1612
U01613,1613
U01614,1614
U01615,1615
U01616,1616
U01617,1617
U01618,1618
U01619,1619
U01620,1620
U01621,1621
U01622,1622
U01623,1623
U01624,1624
U01625,1625
U01626,1626
U01627,1627
U01628,1628
U01629,1629
U01630,1630
U01631,1631
U01632,1632
U01633,1633
U01634,1634
U01635,1635
U01636,1636
U01637,1637
U01638,1638
U01639,1639
U01640,1640
U01641,1641
U01642,1642
U01643,1643
U01644,1644
U01645,1645
U01646,1646
U01647,1647
U01648,1648
U01649,1649
U01650,1650
U01651,1651
U01652,1652
U01653,1653
U01654,1654
U01655,1655
U01656,1656
U01657,1657
U01658,1658
U01659,1659
U01660,1660
U01661,1661
U01662,1662
U01663,1663
U01664,1664
U01665,1665
U01666,1666
U01667,1667
U01668,1668
U01669,1669
U01670,1670
U01671,1671
U01672,1672
U01673,1673
U01674,1674
U01675,1675
U01676,1676
U01677,1677
U01678,1678
U01679,1679
U01680,1680
U01681,1681
U01682,1682
U01683,1683
U01684,1684
U01685,1685
U01686,1686
U01687,1687
U01688,1688
U01689,1689
U01690,1690
U01691,1691
U01692,1692
U01693,1693
U01694,1694
U01695,1695
U01696,1696
U01697,1697
U01698,1698
U01699,1699
U01700,1700
U01701,1701
U01702,1702
U01703,1703
U01704,1704
U01705,1705
U01706,1706
U01707,1707
U01708,1708
U01709,1709
U01710,1710
U01711,1711
U01712,1712
U01713,1713
U01714,1714
U01715,1715
U01716,1716
U01717,1717
U01718,1718
U01719,1719
U01720,1720
U01721,1721
U01722,1722
U01723,1723
U01724,1724
U01725,1725
U01726,1726
U01727,1727
U01728,1728
U01729,1729
U01730,1730
U01731,1731
U01732,1732
U01733,1733
U01734,1734
U01735,1735
U01736,1736
U01737,1737
U01738,1738
U01739,1739
U01740,1740
U01741,1741
U01742,1742
U01743,1743
U01744,1744
U01745,1745
U01746,1746
U01747,1747
U01748,1748
U01749,1749
U01750,1750
U01751,1751
U01752,1752
U01753,1753
U01754,1754
U01755,1755
U01756,1756
U01757,1757
U01758,1758
U01759,1759
U01760,1760
U01761,1761
U01762,1762
U01763,1763
U01764,1764
U01765,1765
U01766,1766
U01767,1767
U01768,1768
U01769,1769
U01770,1770
U01771,1771
U01772,1772
U01773,1773
U01774,1774
U01775,1775
U01776,1776
U01777,1777
U01778,1778
U01779,1779
U01780,1780
U01781,1781
U01782,1782
U01783,1783
U01784,1784
U01785,1785
U01786,1786
U01787,1787
U01788,1788
U01789,1789
U01790,1790
U01791,1791
U01792,1792
U01793,1793
U01794,1794
U01795,1795
U01796,1796
U01797,1797
U01798,1798
U01799,1799
U01800,1800
U01801,1801
U01802,1802
U01803,1803
U01804,1804
U01805,1805
U01806,1806
U01807,1807
U01808,1808
U01809,1809
U01810,1810
U01811,1811
U01812,1812
U01813,1813
U01814,1814
U01815,1815
U01816,1816
U01817,1817
U01818,1818
U01819,1819
U01820,1820
U01821,1821
U01822,1822
U01823,1823
U01824,1824
U01825,1825
U01826,1826
U01827,1827
U01828,1828
U01829,1829
U01830,1830
U01831,1831
U01832,1832
U01833,1833
U01834,1834
U01835,1835
U01836,1836
U01837,1837
U01838,1838
U01839,1839
U01840,1840
U01841,1841
U01842,1842
U01843,1843
U01844,1844
U01845,1845
U01846,1846
U01847,1847
U01848,1848
U01849,1849
U01850,1850
U01851,1851
U01852,1852
U01853,1853
U01854,1854
U01855,1855
U01856,1856
U01857,1857
U01858,1858
U01859,1859
U01860,1860
U01861,1861
U01862,1862
U01863,1863
U01864,1864
U01865,1865
U01866,1866
U01867,1867
U01868,1868
U01869,1869
U01870,1870
U01871,1871
U01872,1872
U01873,1873
U01874,1874
U01875,1875
U01876,1876
U01877,1877
U01878,1878
U01879,1879
U01880,1880
U01881,1881
U01882,1882
U01883,1883
U01884,1884
U01885,1885
U01886,1886
U01887,1887
U01888,1888
U01889,1889
U01890,1890
U01891,1891
U01892,1892
U01893,1893
U01894,1894
U01895,1895
U01896,1896
U01897,1897
U01898,1898
U01899,1899
U01900,1900
U01901,1901
U01902,1902
U01903,1903
U01904,1904
U01905,1905
U01906,1906
U01907,1907
U01908,1908
U01909,1909
U01910,1910
U01911,1911
U01912,1912
U01913,1913
U01914,1914
U01915,1915
U01916,1916
U01917,1917
U01918,1918
U01919,1919
U01920,1920
U01921,1921
U01922,1922
U01923,1923
U01924,1924
U01925,1925
U01926,1926
U01927,1927
U01928,1928
U01929,1929
U01930,1930
U01931,1931
U01932,1932
U01933,1933
U01934,1934
U01935,1935
U01936,1936
U01937,1937
U01938,1938
U01939,1939
U01940,1940
U01941,1941
U01942,1942
U01943,1943
U01944,1944
U01945,1945
U01946,1946
U01947,1947
U01948,1948
U01949,1949
U01950,1950
U01951,1951
U01952,1952
U01953,1953
U01954,1954
U01955,1955
U01956,1956
U01957,1957
U01958,1958
U01959,1959
U01960,1960
U01961,1961
U01962,1962
U01963,1963
U01964,1964
U01965,1965
U01966,1966
U01967,1967
U01968,1968
U01969,1969
U01970,1970
U01971,1971
U01972,1972
U01973,1973
U01974,1974
U01975,1975
U01976,1976
U01977,1977
U01978,1978
U01979,1979
U01980,1980
U01981,1981
U01982,1982
U01983,1983
U01984,1984
U01985,1985
U01986,1986
U01987,1987
U01988,1988
U01989,1989
U01990,1990
U01991,1991
U01992,1992
U01993,1993
U01994,1994
U01995,1995
U01996,1996
U01997,1997
U01998,1998
U01999,1999
U02000,2000
U02001,2001
U02002,2002
U02003,2003
U02004,2004
U02005,2005
U02006,2006
U02007,2007
U02008,2008
U02009,2009
U02010,2010
U02011,2011
U02012,2012
U02013,2013
U02014,2014
U02015,2015
U02016,2016
U02017,2017
U02018,2018
U02019,2019
U02020,2020
U02021,2021
U02022,2022
U02023,2023
U02024,2024
U02025,2025
U02026,2026
U02027,2027
U02028,2028
U02029,2029
U02030,2030
U02031,2031
U02032,2032
U02033,2033
U02034,2034
U02035,2035
U02036,2036
U02037,2037
U02038,2038
U02039,2039
U02040,2040
U02041,2041
U02042,2042
U02043,2043
U02044,2044
U02045,2045
U02046,2046
U02047,2047
U02048,2048
U02049,2049
U02050,2050
U02051,2051
U02052,2052
U02053,2053
U02054,2054
U02055,2055
U02056,2056
U02057,2057
U02058,2058
U02059,2059
U02060,2060
U02061,2061
U02062,2062
U02063,2063
U02064,2064
U02065,2065
U02066,2066
U02067,2067
U02068,2068
U02069,2069
U02070,2070
U02071,2071
U02072,2072
U02073,2073
U02074,2074
U02075,2075
U02076,2076
U02077,2077
U02078,2078
U02079,2079
U02080,2080
U02081,2081
U02082,2082
U02083,2083
U02084,2084
U02085,2085
U02086,2086
U02087,2087
U02088,2088
U02089,2089
U02090,2090
U02091,2091
U02092,2092
U02093,2093
U02094,2094
U02095,2095
U02096,2096
U02097,2097
U02098,2098
U02099,2099
U02100,2100
U02101,2101
U02102,2102
U02103,2103
U02104,2104
U02105,2105
U02106,2106
U02107,2107
U02108,2108
U02109,2109
U02110,2110
U02111,2111
U02112,2112
U02113,2113
U02114,2114
U02115,2115
U02116,2116
U02117,2117
U02118,2118
U02119,2119
U02120,2120
U02121,2121
U02122,2122
U02123,2123
U02124,2124
U02125,2125
U02126,2126
U02127,2127
U02128,2128
U02129,2129
U02130,2130
U02131,2131
U02132,2132
U02133,2133
U02134,2134
U02135,2135
U02136,2136
U02137,2137
U02138,2138
U02139,2139
U02140,2140
U02141,2141
U02142,2142
U02143,2143
U02144,2144
U02145,2145
U02146,2146
U02147,2147
U02148,2148
U02149,2149
U02150,2150
U02151,2151
U02152,2152
U02153,2153
U02154,2154
U02155,2155
U02156,2156
U02157,2157
U02158,2158
U02159,2159
U02160,2160
U02161,2161
U02162,2162
U02163,2163
U02164,2164
U02165,2165
U02166,2166
U02167,2167
U02168,2168
U02169,2169
U02170,2170
U02171,2171
U02172,2172
U02173,2173
U02174,2174
U02175,2175
U02176,2176
U02177,2177
U02178,2178
U02179,2179
U02180,2180
U02181,2181
U02182,2182
U02183,2183
U02184,2184
U02185,2185
U02186,2186
U02187,2187
U02188,2188
U02189,2189
U02190,2190
U02191,2191
U02192,2192
U02193,2193
U02194,2194
U02195,2195
U02196,2196
U02197,2197
U02198,2198
U02199,2199
U02200,2200
U02201,2201
U02202,2202
U02203,2203
U02204,2204
U02205,2205
U02206,2206
U02207,2207
U02208,2208
U02209,2209
U02210,2210
U02211,2211
U02212,2212
U02213,2213
U02214,2214
U02215,2215
U02216,2216
U02217,2217
U02218,2218
U02219,2219
U02220,2220
U02221,2221
U02222,2222
U02223,2223
U02224,2224
U02225,2225
U02226,2226
U02227,2227
U02228,2228
U02229,2229
U02230,2230
U02231,2231
U02232,2232
U02233,2233
U02234,2234
U02235,2235
U02236,2236
U02237,2237
U02238,2238
U02239,2239
U02240,2240
U02241,2241
U02242,2242
U02243,2243
U02244,2244
U02245,2245
U02246,2246
U02247,2247
U02248,2248
U02249,2249
U02250,2250
U02251,2251
U02252,2252
U02253,2253
U02254,2254
U02255,2255
U02256,2256
U02257,2257
U02258,2258
U02259,2259
U02260,2260
U02261,2261
U02262,2262
U02263,2263
U02264,2264
U02265,2265
U02266,2266
U02267,2267
U02268,2268
U02269,2269
U02270,2270
U02271,2271
U02272,2272
U02273,2273
U02274,2274
U02275,2275
U02276,2276
U02277,2277
U02278,2278
U02279,2279
U02280,2280
U02281,2281
U02282,2282
U02283,2283
U02284,2284
U02285,2285
U02286,2286
U02287,2287
U02288,2288
U02289,2289
U02290,2290
U02291,2291
U02292,2292
U02293,2293
U02294,2294
U02295,2295
U02296,2296
U02297,2297
U02298,2298
U02299,2299
U02300,2300
U02301,2301
U02302,2302
U02303,2303
U02304,2304
U02305,2305
U02306,2306
U02307,2307
U02308,2308
U02309,2309
U02310,2310
U02311,2311
U02312,2312
U02313,2313
U02314,2314
U02315,2315
U02316,2316
U02317,2317
U02318,2318
U02319,2319
U02320,2320
U02321,2321
U02322,2322
U02323,2323
U02324,2324
U02325,2325
U02326,2326
U02327,2327
U02328,2328
U02329,2329
U02330,2330
U02331,2331
U02332,2332
U02333,2333
U02334,2334
U02335,2335
U02336,2336
U02337,2337
U02338,2338
U02339,2339
U02340,2340
U02341,2341
U02342,2342
U02343,2343
U02344,2344
U02345,2345
U02346,2346
U02347,2347
U02348,2348
U02349,2349
U02350,2350
U02351,2351
U02352,2352
U02353,2353
U02354,2354
U02355,2355
U02356,2356
U02357,2357
U02358,2358
U02359,2359
U02360,2360
U02361,2361
U02362,2362
U02363,2363
U02364,2364
U02365,2365
U02366,2366
U02367,2367
U02368,2368
U02369,2369
U02370,2370
U02371,2371
U02372,2372
U02373,2373
U02374,2374
U02375,2375
U02376,2376
U02377,2377
U02378,2378
U02379,2379
U02380,2380
U02381,2381
U02382,2382
U02383,2383
U02384,2384
U02385,2385
U02386,2386
U02387,2387
U02388,2388
U02389,2389
U02390,2390
U02391,2391
U02392,2392
U02393,2393
U02394,2394
U02395,2395
U02396,2396
U02397,2397
U02398,2398
U02399,2399
U02400,2400
U02401,2401
U02402,2402
U02403,2403
U02404,2404
U02405,2405
U02406,2406
U02407,2407
U02408,2408
U02409,2409
U02410,2410
U02411,2411
U02412,2412
U02413,2413
U02414,2414
U02415,2415
U02416,2416
U02417,2417
U02418,2418
U02419,2419
U02420,2420
U02421,2421
U02422,2422
U02423,2423
U02424,2424
U02425,2425
U02426,2426
U02427,2427
U02428,2428
U02429,2429
U02430,2430
U02431,2431
U02432,2432
U02433,2433
U02434,2434
U02435,2435
U02436,2436
U02437,2437
U02438,2438
U02439,2439
U02440,2440
U02441,2441
U02442,2442
U02443,2443
U02444,2444
U02445,2445
U02446,2446
U02447,2447
U02448,2448
U02449,2449
U02450,2450
U02451,2451
U02452,2452
U02453,2453
U02454,2454
U02455,2455
U02456,2456
U02457,2457
U02458,2458
U02459,2459
U02460,2460
U02461,2461
U02462,2462
U02463,2463
U02464,2464
U02465,2465
U02466,2466
U02467,2467
U02468,2468
U02469,2469
U02470,2470
U02471,2471
U02472,2472
U02473,2473
U02474,2474
U02475,2475
U02476,2476
U02477,2477
U02478,2478
U02479,2479
U02480,2480
U02481,2481
U02482,2482
U02483,2483
U02484,2484
U02485,2485
U02486,2486
U02487,2487
U02488,2488
U02489,2489
U02490,2490
U02491,2491
U02492,2492
U02493,2493
U02494,2494
U02495,2495
U02496,2496
U02497,2497
U02498,2498
U02499,2499
U02500,2500
U02501,2501
U02502,2502
U02503,2503
U02504,2504
U02505,2505
U02506,2506
U02507,2507
U02508,2508
U02509,2509
U02510,2510
U02511,2511
U02512,2512
U02513,2513
U02514,2514
U02515,2515
U02516,2516
U02517,2517
U02518,2518
U02519,2519
U02520,2520
U02521,2521
U02522,2522
U02523,2523
U02524,2524
U02525,2525
U02526,2526
U02527,2527
U02528,2528
U02529,2529
U02530,2530
U02531,2531
U02532,2532
U02533,2533
U02534,2534
U02535,2535
U02536,2536
U02537,2537
U02538,2538
U02539,2539
U02540,2540
U02541,2541
U02542,2542
U02543,2543
U02544,2544
U02545,2545
U02546,2546
U02547,2547
U02548,2548
U02549,2549
U02550,2550
U02551,2551
U02552,2552
U02553,2553
U02554,2554
U02555,2555
U02556,2556
U02557,2557
U02558,2558
U02559,2559
U02560,2560
U02561,2561
U02562,2562
U02563,2563
U02564,2564
U02565,2565
U02566,2566
U02567,2567
U02568,2568
U02569,2569
U02570,2570
U02571,2571
U02572,2572
U02573,2573
U02574,2574
U02575,2575
U02576,2576
U02577,2577
U02578,2578
U02579,2579
U02580,2580
U02581,2581
U02582,2582
U02583,2583
U02584,2584
U02585,2585
U02586,2586
U02587,2587
U02588,2588
U02589,2589
U02590,2590
U02591,2591
U02592,2592
U02593,2593
U02594,2594
U02595,2595
U02596,2596
U02597,2597
U02598,2598
U02599,2599
U02600,2600
U02601,2601
U02602,2602
U02603,2603
U02604,2604
U02605,2605
U02606,2606
U02607,2607
U02608,2608
U02609,2609
U02610,2610
U02611,2611
U02612,2612
U02613,2613
U02614,2614
U02615,2615
U02616,2616
U02617,2617
U02618,2618
U02619,2619
U02620,2620
U02621,2621
U02622,2622
U02623,2623
U02624,2624
U02625,2625
U02626,2626
U02627,2627
U02628,2628
U02629,2629
U02630,2630
U02631,2631
U02632,2632
U02633,2633
U02634,2634
U02635,2635
U02636,2636
U02637,2637
U02638,2638
U02639,2639
U02640,2640
U02641,2641
U02642,2642
U02643,2643
U02644,2644
U02645,2645
U02646,2646
U02647,2647
U02648,2648
U02649,2649
U02650,2650
U02651,2651
U02652,2652
U02653,2653
U02654,2654
U02655,2655
U02656,2656
U02657,2657
U02658,2658
U02659,2659
U02660,2660
U02661,2661
U02662,2662
U02663,2663
U02664,2664
U02665,2665
U02666,2666
U02667,2667
U02668,2668
U02669,2669
U02670,2670
U02671,2671
U02672,2672
U02673,2673
U02674,2674
U02675,2675
U02676,2676
U02677,2677
U02678,2678
U02679,2679
U02680,2680
U02681,2681
U02682,2682
U02683,2683
U02684,2684
U02685,2685
U02686,2686
U02687,2687
U02688,2688
U02689,2689
U02690,2690
U02691,2691
U02692,2692
U02693,2693
U02694,2694
U02695,2695
U02696,2696
U02697,2697
U02698,2698
U02699,2699
U02700,2700
U02701,2701
U02702,2702
U02703,2703
U02704,2704
U02705,2705
U02706,2706
U02707,2707
U02708,2708
U02709,2709
U02710,2710
U02711,2711
U02712,2712
U02713,2713
U02714,2714
U02715,2715
U02716,2716
U02717,2717
U02718,2718
U02719,2719
U02720,2720
U02721,2721
U02722,2722
U02723,2723
U02724,2724
U02725,2725
U02726,2726
U02727,2727
U02728,2728
U02729,2729
U02730,2730
U02731,2731
U02732,2732
U02733,2733
U02734,2734
U02735,2735
U02736,2736
U02737,2737
U02738,2738
U02739,2739
U02740,2740
U02741,2741
U02742,2742
U02743,2743
U02744,2744
U02745,2745
U02746,2746
U02747,2747
U02748,2748
U02749,2749
U02750,2750
U02751,2751
U02752,2752
U02753,2753
U02754,2754
U02755,2755
U02756,2756
U02757,2757
U02758,2758
U02759,2759
U02760,2760
U02761,2761
U02762,2762
U02763,2763
U02764,2764
U02765,2765
U02766,2766
U02767,2767
U02768,2768
U02769,2769
U02770,2770
U02771,2771
U02772,2772
U02773,2773
U02774,2774
U02775,2775
U02776,2776
U02777,2777
U02778,2778
U02779,2779
U02780,2780
U02781,2781
U02782,2782
U02783,2783
U02784,2784
U02785,2785
U02786,2786
U02787,2787
U02788,2788
U02789,2789
U02790,2790
U02791,2791
U02792,2792
U02793,2793
U02794,2794
U02795,2795
U02796,2796
U02797,2797
U02798,2798
U02799,2799
U02800,2800
U02801,2801
U02802,2802
U02803,2803
U02804,2804
U02805,2805
U02806,2806
U02807,2807
U02808,2808
U02809,2809
U02810,2810
U02811,2811
U02812,2812
U02813,2813
U02814,2814
U02815,2815
U02816,2816
U02817,2817
U02818,2818
U02819,2819
U02820,2820
U02821,2821
U02822,2822
U02823,2823
U02824,2824
U02825,2825
U02826,2826
U02827,2827
U02828,2828
U02829,2829
U02830,2830
U02831,2831
U02832,2832
U02833,2833
U02834,2834
U02835,2835
U02836,2836
U02837,2837
U02838,2838
U02839,2839
U02840,2840
U02841,2841
U02842,2842
U02843,2843
U02844,2844
U02845,2845
U02846,2846
U02847,2847
U02848,2848
U02849,2849
U02850,2850
U02851,2851
U02852,2852
U02853,2853
U02854,2854
U02855,2855
U02856,2856
U02857,2857
U02858,2858
U02859,2859
U02860,2860
U02861,2861
U02862,2862
U02863,2863
U02864,2864
U02865,2865
U02866,2866
U02867,2867
U02868,2868
U02869,2869
U02870,2870
U02871,2871
U02872,2872
U02873,2873
U02874,2874
U02875,2875
U02876,2876
U02877,2877
U02878,2878
U02879,2879
U02880,2880
U02881,2881
U02882,2882
U02883,2883
U02884,2884
U02885,2885
U02886,2886
U02887,2887
U02888,2888
U02889,2889
U02890,2890
U02891,2891
U02892,2892
U02893,2893
U02894,2894
U02895,2895
U02896,2896
U02897,2897
U02898,2898
U02899,2899
U02900,2900
U02901,2901
U02902,2902
U02903,2903
U02904,2904
U02905,2905
U02906,2906
U02907,2907
U02908,2908
U02909,2909
U02910,2910
U02911,2911
U02912,2912
U02913,2913
U02914,2914
U02915,2915
U02916,2916
U02917,2917
U02918,2918
U02919,2919
U02920,2920
U02921,2921
U02922,2922
U02923,2923
U02924,2924
U02925,2925
U02926,2926
U02927,2927
U02928,2928
U02929,2929
U02930,2930
U02931,2931
U02932,2932
U02933,2933
U02934,2934
U02935,2935
U02936,2936
U02937,2937
U02938,2938
U02939,2939
U02940,2940
U02941,2941
U02942,2942
U02943,2943
U02944,2944
U02945,2945
U02946,2946
U02947,2947
U02948,2948
U02949,2949
U02950,2950
U02951,2951
U02952,2952
U02953,2953
U02954,2954
U02955,2955
U02956,2956
U02957,2957
U02958,2958
U02959,2959
U02960,2960
U02961,2961
U02962,2962
U02963,2963
U02964,2964
U02965,2965
U02966,2966
U02967,2967
U02968,2968
U02969,2969
U02970,2970
U02971,2971
U02972,2972
U02973,2973
U02974,2974
U02975,2975
U02976,2976
U02977,2977
U02978,2978
U02979,2979
U02980,2980
U02981,2981
U02982,2982
U02983,2983
U02984,2984
U02985,2985
U02986,2986
U02987,2987
U02988,2988
U02989,2989
U02990,2990
U02991,2991
U02992,2992
U02993,2993
U02994,2994
U02995,2995
U02996,2996
U02997,2997
U02998,2998
U02999,2999
U03000,3000
U03001,3001
U03002,3002
U03003,3003
U03004,3004
U03005,3005
U03006,3006
U03007,3007
U03008,3008
U03009,3009
U03010,3010
U03011,3011
U03012,3012
U03013,3013
U03014,3014
U03015,3015
U03016,3016
U03017,3017
U03018,3018
U03019,3019
U03020,3020
U03021,3021
U03022,3022
U03023,3023
U03024,3024
U03025,3025
U03026,3026
U03027,3027
U03028,3028
U03029,3029
U03030,3030
U03031,3031
U03032,3032
U03033,3033
U03034,3034
U03035,3035
U03036,3036
U03037,3037
U03038,3038
U03039,3039
U03040,3040
U03041,3041
U03042,3042
U03043,3043
U03044,3044
U03045,3045
U03046,3046
U03047,3047
U03048,3048
U03049,3049
U03050,3050
U03051,3051
U03052,3052
U03053,3053
U03054,3054
U03055,3055
U03056,3056
U03057,3057
U03058,3058
U03059,3059
U03060,3060
U03061,3061
U03062,3062
U03063,3063
U03064,3064
U03065,3065
U03066,3066
U03067,3067
U03068,3068
U03069,3069
U03070,3070
U03071,3071
U03072,3072
U03073,3073
U03074,3074
U03075,3075
U03076,3076
U03077,3077
U03078,3078
U03079,3079
U03080,3080
U03081,3081
U03082,3082
U03083,3083
U03084,3084
U03085,3085
U03086,3086
U03087,3087
U03088,3088
U03089,3089
U03090,3090
U03091,3091
U03092,3092
U03093,3093
U03094,3094
U03095,3095
U03096,3096
U03097,3097
U03098,3098
U03099,3099
U03100,3100
U03101,3101
U03102,3102
U03103,3103
U03104,3104
U03105,3105
U03106,3106
U03107,3107
U03108,3108
U03109,3109
U03110,3110
U03111,3111
U03112,3112
U03113,3113
U03114,3114
U03115,3115
U03116,3116
U03117,3117
U03118,3118
U03119,3119
U03120,3120
U03121,3121
U03122,3122
U03123,3123
U03124,3124
U03125,3125
U03126,3126
U03127,3127
U03128,3128
U03129,3129
U03130,3130
U03131,3131
U03132,3132
U03133,3133
U03134,3134
U03135,3135
U03136,3136
U03137,3137
U03138,3138
U03139,3139
U03140,3140
U03141,3141
U03142,3142
U03143,3143
U03144,3144
U03145,3145
U03146,3146
U03147,3147
U03148,3148
U03149,3149
U03150,3150
U03151,3151
U03152,3152
U03153,3153
U03154,3154
U03155,3155
U03156,3156
U03157,3157
U03158,3158
U03159,3159
U03160,3160
U03161,3161
U03162,3162
U03163,3163
U03164,3164
U03165,3165
U03166,3166
U03167,3167
U03168,3168
U03169,3169
U03170,3170
U03171,3171
U03172,3172
U03173,3173
U03174,3174
U03175,3175
U03176,3176
U03177,3177
U03178,3178
U03179,3179
U03180,3180
U03181,3181
U03182,3182
U03183,3183
U03184,3184
U03185,3185
U03186,3186
U03187,3187
U03188,3188
U03189,3189
U03190,3190
U03191,3191
U03192,3192
U03193,3193
U03194,3194
U03195,3195
U03196,3196
U03197,3197
U03198,3198
U03199,3199
U03200,3200
U03201,3201
U03202,3202
U03203,3203
U03204,3204
U03205,3205
U03206,3206
U03207,3207
U03208,3208
U03209,3209
U03210,3210
U03211,3211
U03212,3212
U03213,3213
U03214,3214
U03215,3215
U03216,3216
U03217,3217
U03218,3218
U03219,3219
U03220,3220
U03221,3221
U03222,3222
U03223,3223
U03224,3224
U03225,3225
U03226,3226
U03227,3227
U03228,3228
U03229,3229
U03230,3230
U03231,3231
U03232,3232
U03233,3233
U03234,3234
U03235,3235
U03236,3236
U03237,3237
U03238,3238
U03239,3239
U03240,3240
U03241,3241
U03242,3242
U03243,3243
U03244,3244
U03245,3245
U03246,3246
U03247,3247
U03248,3248
U03249,3249
U03250,3250
U03251,3251
U03252,3252
U03253,3253
U03254,3254
U03255,3255
U03256,3256
U03257,3257
U03258,3258
U03259,3259
U03260,3260
U03261,3261
U03262,3262
U03263,3263
U03264,3264
U03265,3265
U03266,3266
U03267,3267
U03268,3268
U03269,3269
U03270,3270
U03271,3271
U03272,3272
U03273,3273
U03274,3274
U03275,3275
U03276,3276
U03277,3277
U03278,3278
U03279,3279
U03280,3280
U03281,3281
U03282,3282
U03283,3283
U03284,3284
U03285,3285
U03286,3286
U03287,3287
U03288,3288
U03289,3289
U03290,3290
U03291,3291
U03292,3292
U03293,3293
U03294,3294
U03295,3295
U03296,3296
U03297,3297
U03298,3298
U03299,3299
U03300,3300
U03301,3301
U03302,3302
U03303,3303
U03304,3304
U03305,3305
U03306,3306
U03307,3307
U03308,3308
U03309,3309
U03310,3310
U03311,3311
U03312,3312
U03313,3313
U03314,3314
U03315,3315
U03316,3316
U03317,3317
U03318,3318
U03319,3319
U03320,3320
U03321,3321
U03322,3322
U03323,3323
U03324,3324
U03325,3325
U03326,3326
U03327,3327
U03328,3328
U03329,3329
U03330,3330
U03331,3331
U03332,3332
U03333,3333
U03334,3334
U03335,3335
U03336,3336
U03337,3337
U03338,3338
U03339,3339
U03340,3340
U03341,3341
U03342,3342
U03343,3343
U03344,3344
U03345,3345
U03346,3346
U03347,3347
U03348,3348
U03349,3349
U03350,3350
U03351,3351
U03352,3352
U03353,3353
U03354,3354
U03355,3355
U03356,3356
U03357,3357
U03358,3358
U03359,3359
U03360,3360
U03361,3361
U03362,3362
U03363,3363
U03364,3364
U03365,3365
U03366,3366
U03367,3367
U03368,3368
U03369,3369
U03370,3370
U03371,3371
U03372,3372
U03373,3373
U03374,3374
U03375,3375
U03376,3376
U03377,3377
U03378,3378
U03379,3379
U03380,3380
U03381,3381
U03382,3382
U03383,3383
U03384,3384
U03385,3385
U03386,3386
U03387,3387
U03388,3388
U03389,3389
U03390,3390
U03391,3391
U03392,3392
U03393,3393
U03394,3394
U03395,3395
U03396,3396
U03397,3397
U03398,3398
U03399,3399
U03400,3400
U03401,3401
U03402,3402
U03403,3403
U03404,3404
U03405,3405
U03406,3406
U03407,3407
U03408,3408
U03409,3409
U03410,3410
U03411,3411
U03412,3412
U03413,3413
U03414,3414
U03415,3415
U03416,3416
U03417,3417
U03418,3418
U03419,3419
U03420,3420
U03421,3421
U03422,3422
U03423,3423
U03424,3424
U03425,3425
U03426,3426
U03427,3427
U03428,3428
U03429,3429
U03430,3430
U03431,3431
U03432,3432
U03433,3433
U03434,3434
U03435,3435
U03436,3436
U03437,3437
U03438,3438
U03439,3439
U03440,3440
U03441,3441
U03442,3442
U03443,3443
U03444,3444
U03445,3445
U03446,3446
U03447,3447
U03448,3448
U03449,3449
U03450,3450
U03451,3451
U03452,3452
U03453,3453
U03454,3454
U03455,3455
U03456,3456
U03457,3457
U03458,3458
U03459,3459
U03460,3460
U03461,3461
U03462,3462
U03463,3463
U03464,3464
U03465,3465
U03466,3466
U03467,3467
U03468,3468
U03469,3469
U03470,3470
U03471,3471
U03472,3472
U03473,3473
U03474,3474
U03475,3475
U03476,3476
U03477,3477
U03478,3478
U03479,3479
U03480,3480
U03481,3481
U03482,3482
U03483,3483
U03484,3484
U03485,3485
U03486,3486
U03487,3487
U03488,3488
U03489,3489
U03490,3490
U03491,3491
U03492,3492
U03493,3493
U03494,3494
U03495,3495
U03496,3496
U03497,3497
U03498,3498
U03499,3499
U03500,3500
U03501,3501
U03502,3502
U03503,3503
U03504,3504
U03505,3505
U03506,3506
U03507,3507
U03508,3508
U03509,3509
U03510,3510
U03511,3511
U03512,3512
U03513,3513
U03514,3514
U03515,3515
U03516,3516
U03517,3517
U03518,3518
U03519,3519
U03520,3520
U03521,3521
U03522,3522
U03523,3523
U03524,3524
U03525,3525
U03526,3526
U03527,3527
U03528,3528
U03529,3529
U03530,3530
U03531,3531
U03532,3532
U03533,3533
U03534,3534
U03535,3535
U03536,3536
U03537,3537
U03538,3538
U03539,3539
U03540,3540
U03541,3541
U03542,3542
U03543,3543
U03544,3544
U03545,3545
U03546,3546
U03547,3547
U03548,3548
U03549,3549
U03550,3550
U03551,3551
U03552,3552
U03553,3553
U03554,3554
U03555,3555
U03556,3556
U03557,3557
U03558,3558
U03559,3559
U03560,3560
U03561,3561
U03562,3562
U03563,3563
U03564,3564
U03565,3565
U03566,3566
U03567,3567
U03568,3568
U03569,3569
U03570,3570
U03571,3571
U03572,3572
U03573,3573
U03574,3574
U03575,3575
U03576,3576
U03577,3577
U03578,3578
U03579,3579
U03580,3580
U03581,3581
U03582,3582
U03583,3583
U03584,3584
U03585,3585
U03586,3586
U03587,3587
U03588,3588
U03589,3589
U03590,3590
U03591,3591
U03592,3592
U03593,3593
U03594,3594
U03595,3595
U03596,3596
U03597,3597
U03598,3598
U03599,3599
U03600,3600
U03601,3601
U03602,3602
U03603,3603
U03604,3604
U03605,3605
U03606,3606
U03607,3607
U03608,3608
U03609,3609
U03610,3610
U03611,3611
U03612,3612
U03613,3613
U03614,3614
U03615,3615
U03616,3616
U03617,3617
U03618,3618
U03619,3619
U03620,3620
U03621,3621
U03622,3622
U03623,3623
U03624,3624
U03625,3625
U03626,3626
U03627,3627
U03628,3628
U03629,3629
U03630,3630
U03631,3631
U03632,3632
U03633,3633
U03634,3634
U03635,3635
U03636,3636
U03637,3637
U03638,3638
U03639,3639
U03640,3640
U03641,3641
U03642,3642
U03643,3643
U03644,3644
U03645,3645
U03646,3646
U03647,3647
U03648,3648
U03649,3649
U03650,3650
U03651,3651
U03652,3652
U03653,3653
U03654,3654
U03655,3655
U03656,3656
U03657,3657
U03658,3658
U03659,3659
U03660,3660
U03661,3661
U03662,3662
U03663,3663
U03664,3664
U03665,3665
U03666,3666
U03667,3667
U03668,3668
U03669,3669
U03670,3670
U03671,3671
U03672,3672
U03673,3673
U03674,3674
U03675,3675
U03676,3676
U03677,3677
U03678,3678
U03679,3679
U03680,3680
U03681,3681
U03682,3682
U03683,3683
U03684,3684
U03685,3685
U03686,3686
U03687,3687
U03688,3688
U03689,3689
U03690,3690
U03691,3691
U03692,3692
U03693,3693
U03694,3694
U03695,3695
U03696,3696
U03697,3697
U03698,3698
U03699,3699
U03700,3700
U03701,3701
U03702,3702
U03703,3703
U03704,3704
U03705,3705
U03706,3706
U03707,3707
U03708,3708
U03709,3709
U03710,3710
U03711,3711
U03712,3712
U03713,3713
U03714,3714
U03715,3715
U03716,3716
U03717,3717
U03718,3718
U03719,3719
U03720,3720
U03721,3721
U03722,3722
U03723,3723
U03724,3724
U03725,3725
U03726,3726
U03727,3727
U03728,3728
U03729,3729
U03730,3730
U03731,3731
U03732,3732
U03733,3733
U03734,3734
U03735,3735
U03736,3736
U03737,3737
U03738,3738
U03739,3739
U03740,3740
U03741,3741
U03742,3742
U03743,3743
U03744,3744
U03745,3745
U03746,3746
U03747,3747
U03748,3748
U03749,3749
U03750,3750
U03751,3751
U03752,3752
U03753,3753
U03754,3754
U03755,3755
U03756,3756
U03757,3757
U03758,3758
U03759,3759
U03760,3760
U03761,3761
U03762,3762
U03763,3763
U03764,3764
U03765,3765
U03766,3766
U03767,3767
U03768,3768
U03769,3769
U03770,3770
U03771,3771
U03772,3772
U03773,3773
U03774,3774
U03775,3775
U03776,3776
U03777,3777
U03778,3778
U03779,3779
U03780,3780
U03781,3781
U03782,3782
U03783,3783
U03784,3784
U03785,3785
U03786,3786
U03787,3787
U03788,3788
U03789,3789
U03790,3790
U03791,3791
U03792,3792
U03793,3793
U03794,3794
U03795,3795
U03796,3796
U03797,3797
U03798,3798
U03799,3799
U03800,3800
U03801,3801
U03802,3802
U03803,3803
U03804,3804
U03805,3805
U03806,3806
U03807,3807
U03808,3808
U03809,3809
U03810,3810
U03811,3811
U03812,3812
U03813,3813
U03814,3814
U03815,3815
U03816,3816
U03817,3817
U03818,3818
U03819,3819
U03820,3820
U03821,3821
U03822,3822
U03823,3823
U03824,3824
U03825,3825
U03826,3826
U03827,3827
U03828,3828
U03829,3829
U03830,3830
U03831,3831
U03832,3832
U03833,3833
U03834,3834
U03835,3835
U03836,3836
U03837,3837
U03838,3838
U03839,3839
U03840,3840
U03841,3841
U03842,3842
U03843,3843
U03844,3844
U03845,3845
U03846,3846
U03847,3847
U03848,3848
U03849,3849
U03850,3850
U03851,3851
U03852,3852
U03853,3853
U03854,3854
U03855,3855
U03856,3856
U03857,3857
U03858,3858
U03859,3859
U03860,3860
U03861,3861
U03862,3862
U03863,3863
U03864,3864
U03865,3865
U03866,3866
U03867,3867
U03868,3868
U03869,3869
U03870,3870
U03871,3871
U03872,3872
U03873,3873
U03874,3874
U03875,3875
U03876,3876
U03877,3877
U03878,3878
U03879,3879
U03880,3880
U03881,3881
U03882,3882
U03883,3883
U03884,3884
U03885,3885
U03886,3886
U03887,3887
U03888,3888
U03889,3889
U03890,3890
U03891,3891
U03892,3892
U03893,3893
U03894,3894
U03895,3895
U03896,3896
U03897,3897
U03898,3898
U03899,3899
U03900,3900
U03901,3901
U03902,3902
U03903,3903
U03904,3904
U03905,3905
U03906,3906
U03907,3907
U03908,3908
U03909,3909
U03910,3910
U03911,3911
U03912,3912
U03913,3913
U03914,3914
U03915,3915
U03916,3916
U03917,3917
U03918,3918
U03919,3919
U03920,3920
U03921,3921
U03922,3922
U03923,3923
U03924,3924
U03925,3925
U03926,3926
U03927,3927
U03928,3928
U03929,3929
U03930,3930
U03931,3931
U03932,3932
U03933,3933
U03934,3934
U03935,3935
U03936,3936
U03937,3937
U03938,3938
U03939,3939
U03940,3940
U03941,3941
U03942,3942
U03943,3943
U03944,3944
U03945,3945
U03946,3946
U03947,3947
U03948,3948
U03949,3949
U03950,3950
U03951,3951
U03952,3952
U03953,3953
U03954,3954
U03955,3955
U03956,3956
U03957,3957
U03958,3958
U03959,3959
U03960,3960
U03961,3961
U03962,3962
U03963,3963
U03964,3964
U03965,3965
U03966,3966
U03967,3967
U03968,3968
U03969,3969
U03970,3970
U03971,3971
U03972,3972
U03973,3973
U03974,3974
U03975,3975
U03976,3976
U03977,3977
U03978,3978
U03979,3979
U03980,3980
U03981,3981
U03982,3982
U03983,3983
U03984,3984
U03985,3985
U03986,3986
U03987,3987
U03988,3988
U03989,3989
U03990,3990
U03991,3991
U03992,3992
U03993,3993
U03994,3994
U03995,3995
U03996,3996
U03997,3997
U03998,3998
U03999,3999
U04000,4000
U04001,4001
U04002,4002
U04003,4003
U04004,4004
U04005,4005
U04006,4006
U04007,4007
U04008,4008
U04009,4009
U04010,4010
U04011,4011
U04012,4012
U04013,4013
U04014,4014
U04015,4015
U04016,4016
U04017,4017
U04018,4018
U04019,4019
U04020,4020
U04021,4021
U04022,4022
U04023,4023
U04024,4024
U04025,4025
U04026,4026
U04027,4027
U04028,4028
U04029,4029
U04030,4030
U04031,4031
U04032,4032
U04033,4033
U04034,4034
U04035,4035
U04036,4036
U04037,4037
U04038,4038
U04039,4039
U04040,4040
U04041,4041
U04042,4042
U04043,4043
U04044,4044
U04045,4045
U04046,4046
U04047,4047
U04048,4048
U04049,4049
U04050,4050
U04051,4051
U04052,4052
U04053,4053
U04054,4054
U04055,4055
U04056,4056
U04057,4057
U04058,4058
U04059,4059
U04060,4060
U04061,4061
U04062,4062
U04063,4063
U04064,4064
U04065,4065
U04066,4066
U04067,4067
U04068,4068
U04069,4069
U04070,4070
U04071,4071
U04072,4072
U04073,4073
U04074,4074
U04075,4075
U04076,4076
U04077,4077
U04078,4078
U04079,4079
U04080,4080
U04081,4081
U04082,4082
U04083,4083
U04084,4084
U04085,4085
U04086,4086
U04087,4087
U04088,4088
U04089,4089
U04090,4090
U04091,4091
U04092,4092
U04093,4093
U04094,4094
U04095,4095
U04096,4096
U04097,4097
U04098,4098
U04099,4099
U04100,4100
U04101,4101
U04102,4102
U04103,4103
U04104,4104
U04105,4105
U04106,4106
U04107,4107
U04108,4108
U04109,4109
U04110,4110
U04111,4111
U04112,4112
U04113,4113
U04114,4114
U04115,4115
U04116,4116
U04117,4117
U04118,4118
U04119,4119
U04120,4120
U04121,4121
U04122,4122
U04123,4123
U04124,4124
U04125,4125
U04126,4126
U04127,4127
U04128,4128
U04129,4129
U04130,4130
U04131,4131
U04132,4132
U04133,4133
U04134,4134
U04135,4135
U04136,4136
U04137,4137
U04138,4138
U04139,4139
U04140,4140
U04141,4141
U04142,4142
U04143,4143
U04144,4144
U04145,4145
U04146,4146
U04147,4147
U04148,4148
U04149,4149
U04150,4150
U04151,4151
U04152,4152
U04153,4153
U04154,4154
U04155,4155
U04156,4156
U04157,4157
U04158,4158
U04159,4159
U04160,4160
U04161,4161
U04162,4162
U04163,4163
U04164,4164
U04165,4165
U04166,4166
U04167,4167
U04168,4168
U04169,4169
U04170,4170
U04171,4171
U04172,4172
U04173,4173
U04174,4174
U04175,4175
U04176,4176
U04177,4177
U04178,4178
U04179,4179
U04180,4180
U04181,4181
U04182,4182
U04183,4183
U04184,4184
U04185,4185
U04186,4186
U04187,4187
U04188,4188
U04189,4189
U04190,4190
U04191,4191
U04192,4192
U04193,4193
U04194,4194
U04195,4195
U04196,4196
U04197,4197
U04198,4198
U04199,4199
U04200,4200
U04201,4201
U04202,4202
U04203,4203
U04204,4204
U04205,4205
U04206,4206
U04207,4207
U04208,4208
U04209,4209
U04210,4210
U04211,4211
U04212,4212
U04213,4213
U04214,4214
U04215,4215
U04216,4216
U04217,4217
U04218,4218
U04219,4219
U04220,4220
U04221,4221
U04222,4222
U04223,4223
U04224,4224
U04225,4225
U04226,4226
U04227,4227
U04228,4228
U04229,4229
U04230,4230
U04231,4231
U04232,4232
U04233,4233
U04234,4234
U04235,4235
U04236,4236
U04237,4237
U04238,4238
U04239,4239
U04240,4240
U04241,4241
U04242,4242
U04243,4243
U04244,4244
U04245,4245
U04246,4246
U04247,4247
U04248,4248
U04249,4249
U04250,4250
U04251,4251
U04252,4252
U04253,4253
U04254,4254
U04255,4255
U04256,4256
U04257,4257
U04258,4258
U04259,4259
U04260,4260
U04261,4261
U04262,4262
U04263,4263
U04264,4264
U04265,4265
U04266,4266
U04267,4267
U04268,4268
U04269,4269
U04270,4270
U04271,4271
U04272,4272
U04273,4273
U04274,4274
U04275,4275
U04276,4276
U04277,4277
U04278,4278
U04279,4279
U04280,4280
U04281,4281
U04282,4282
U04283,4283
U04284,4284
U04285,4285
U04286,4286
U04287,4287
U04288,4288
U04289,4289
U04290,4290
U04291,4291
U04292,4292
U04293,4293
U04294,4294
U04295,4295
U04296,4296
U04297,4297
U04298,4298
U04299,4299
U04300,4300
U04301,4301
U04302,4302
U04303,4303
U04304,4304
U04305,4305
U04306,4306
U04307,4307
U04308,4308
U04309,4309
U04310,4310
U04311,4311
U04312,4312
U04313,4313
U04314,4314
U04315,4315
U04316,4316
U04317,4317
U04318,4318
U04319,4319
U04320,4320
U04321,4321
U04322,4322
U04323,4323
U04324,4324
U04325,4325
U04326,4326
U04327,4327
U04328,4328
U04329,4329
U04330,4330
U04331,4331
U04332,4332
U04333,4333
U04334,4334
U04335,4335
U04336,4336
U04337,4337
U04338,4338
U04339,4339
U04340,4340
U04341,4341
U04342,4342
U04343,4343
U04344,4344
U04345,4345
U04346,4346
U04347,4347
U04348,4348
U04349,4349
U04350,4350
U04351,4351
U04352,4352
U04353,4353
U04354,4354
U04355,4355
U04356,4356
U04357,4357
U04358,4358
U04359,4359
U04360,4360
U04361,4361
U04362,4362
U04363,4363
U04364,4364
U04365,4365
U04366,4366
U04367,4367
U04368,4368
U04369,4369
U04370,4370
U04371,4371
U04372,4372
U04373,4373
U04374,4374
U04375,4375
U04376,4376
U04377,4377
U04378,4378
U04379,4379
U04380,4380
U04381,4381
U04382,4382
U04383,4383
U04384,4384
U04385,4385
U04386,4386
U04387,4387
U04388,4388
U04389,4389
U04390,4390
U04391,4391
U04392,4392
U04393,4393
U04394,4394
U04395,4395
U04396,4396
U04397,4397
U04398,4398
U04399,4399
U04400,4400
U04401,4401
U04402,4402
U04403,4403
U04404,4404
U04405,4405
U04406,4406
U04407,4407
U04408,4408
U04409,4409
U04410,4410
U04411,4411
U04412,4412
U04413,4413
U04414,4414
U04415,4415
U04416,4416
U04417,4417
U04418,4418
U04419,4419
U04420,4420
U04421,4421
U04422,4422
U04423,4423
U04424,4424
U04425,4425
U04426,4426
U04427,4427
U04428,4428
U04429,4429
U04430,4430
U04431,4431
U04432,4432
U04433,4433
U04434,4434
U04435,4435
U04436,4436
U04437,4437
U04438,4438
U04439,4439
U04440,4440
U04441,4441
U04442,4442
U04443,4443
U04444,4444
U04445,4445
U04446,4446
U04447,4447
U04448,4448
U04449,4449
U04450,4450
U04451,4451
U04452,4452
U04453,4453
U04454,4454
U04455,4455
U04456,4456
U04457,4457
U04458,4458
U04459,4459
U04460,4460
U04461,4461
U04462,4462
U04463,4463
U04464,4464
U04465,4465
U04466,4466
U04467,4467
U04468,4468
U04469,4469
U04470,4470
U04471,4471
U04472,4472
U04473,4473
U04474,4474
U04475,4475
U04476,4476
U04477,4477
U04478,4478
U04479,4479
U04480,4480
U04481,4481
U04482,4482
U04483,4483
U04484,4484
U04485,4485
U04486,4486
U04487,4487
U04488,4488
U04489,4489
U04490,4490
U04491,4491
U04492,4492
U04493,4493
U04494,4494
U04495,4495
U04496,4496
U04497,4497
U04498,4498
U04499,4499
U04500,4500
U04501,4501
U04502,4502
U04503,4503
U04504,4504
U04505,4505
U04506,4506
U04507,4507
U04508,4508
U04509,4509
U04510,4510
U04511,4511
U04512,4512
U04513,4513
U04514,4514
U04515,4515
U04516,4516
U04517,4517
U04518,4518
U04519,4519
U04520,4520
U04521,4521
U04522,4522
U04523,4523
U04524,4524
U04525,4525
U04526,4526
U04527,4527
U04528,4528
U04529,4529
U04530,4530
U04531,4531
U04532,4532
U04533,4533
U04534,4534
U04535,4535
U04536,4536
U04537,4537
U04538,4538
U04539,4539
U04540,4540
U04541,4541
U04542,4542
U04543,4543
U04544,4544
U04545,4545
U04546,4546
U04547,4547
U04548,4548
U04549,4549
U04550,4550
U04551,4551
U04552,4552
U04553,4553
U04554,4554
U04555,4555
U04556,4556
U04557,4557
U04558,4558
U04559,4559
U04560,4560
U04561,4561
U04562,4562
U04563,4563
U04564,4564
U04565,4565
U04566,4566
U04567,4567
U04568,4568
U04569,4569
U04570,4570
U04571,4571
U04572,4572
U04573,4573
U04574,4574
U04575,4575
U04576,4576
U04577,4577
U04578,4578
U04579,4579
U04580,4580
U04581,4581
U04582,4582
U04583,4583
U04584,4584
U04585,4585
U04586,4586
U04587,4587
U04588,4588
U04589,4589
U04590,4590
U04591,4591
U04592,4592
U04593,4593
U04594,4594
U04595,4595
U04596,4596
U04597,4597
U04598,4598
U04599,4599
U04600,4600
U04601,4601
U04602,4602
U04603,4603
U04604,4604
U04605,4605
U04606,4606
U04607,4607
U04608,4608
U04609,4609
U04610,4610
U04611,4611
U04612,4612
U04613,4613
U04614,4614
U04615,4615
U04616,4616
U04617,4617
U04618,4618
U04619,4619
U04620,4620
U04621,4621
U04622,4622
U04623,4623
U04624,4624
U04625,4625
U04626,4626
U04627,4627
U04628,4628
U04629,4629
U04630,4630
U04631,4631
U04632,4632
U04633,4633
U04634,4634
U04635,4635
U04636,4636
U04637,4637
U04638,4638
U04639,4639
U04640,4640
U04641,4641
U04642,4642
U04643,4643
U04644,4644
U04645,4645
U04646,4646
U04647,4647
U04648,4648
U04649,4649
U04650,4650
U04651,4651
U04652,4652
U04653,4653
U04654,4654
U04655,4655
U04656,4656
U04657,4657
U04658,4658
U04659,4659
U04660,4660
U04661,4661
U04662,4662
U04663,4663
U04664,4664
U04665,4665
U04666,4666
U04667,4667
U04668,4668
U04669,4669
U04670,4670
U04671,4671
U04672,4672
U04673,4673
U04674,4674
U04675,4675
U04676,4676
U04677,4677
U04678,4678
U04679,4679
U04680,4680
U04681,4681
U04682,4682
U04683,4683
U04684,4684
U04685,4685
U04686,4686
U04687,4687
U04688,4688
U04689,4689
U04690,4690
U04691,4691
U04692,4692
U04693,4693
U04694,4694
U04695,4695
U04696,4696
U04697,4697
U04698,4698
U04699,4699
U04700,4700
U04701,4701
U04702,4702
U04703,4703
U04704,4704
U04705,4705
U04706,4706
U04707,4707
U04708,4708
U04709,4709
U04710,4710
U04711,4711
U04712,4712
U04713,4713
U04714,4714
U04715,4715
U04716,4716
U04717,4717
U04718,4718
U04719,4719
U04720,4720
U04721,4721
U04722,4722
U04723,4723
U04724,4724
U04725,4725
U04726,4726
U04727,4727
U04728,4728
U04729,4729
U04730,4730
U04731,4731
U04732,4732
U04733,4733
U04734,4734
U04735,4735
U04736,4736
U04737,4737
U04738,4738
U04739,4739
U04740,4740
U04741,4741
U04742,4742
U04743,4743
U04744,4744
U04745,4745
U04746,4746
U04747,4747
U04748,4748
U04749,4749
U04750,4750
U04751,4751
U04752,4752
U04753,4753
U04754,4754
U04755,4755
U04756,4756
U04757,4757
U04758,4758
U04759,4759
U04760,4760
U04761,4761
U04762,4762
U04763,4763
U04764,4764
U04765,4765
U04766,4766
U04767,4767
U04768,4768
U04769,4769
U04770,4770
U04771,4771
U04772,4772
U04773,4773
U04774,4774
U04775,4775
U04776,4776
U04777,4777
U04778,4778
U04779,4779
U04780,4780
U04781,4781
U04782,4782
U04783,4783
U04784,4784
U04785,4785
U04786,4786
U04787,4787
U04788,4788
U04789,4789
U04790,4790
U04791,4791
U04792,4792
U04793,4793
U04794,4794
U04795,4795
U04796,4796
U04797,4797
U04798,4798
U04799,4799
U04800,4800
U04801,4801
U04802,4802
U04803,4803
U04804,4804
U04805,4805
U04806,4806
U04807,4807
U04808,4808
U04809,4809
U04810,4810
U04811,4811
U04812,4812
U04813,4813
U04814,4814
U04815,4815
U04816,4816
U04817,4817
U04818,4818
U04819,4819
U04820,4820
U04821,4821
U04822,4822
U04823,4823
U04824,4824
U04825,4825
U04826,4826
U04827,4827
U04828,4828
U04829,4829
U04830,4830
U04831,4831
U04832,4832
U04833,4833
U04834,4834
U04835,4835
U04836,4836
U04837,4837
U04838,4838
U04839,4839
U04840,4840
U04841,4841
U04842,4842
U04843,4843
U04844,4844
U04845,4845
U04846,4846
U04847,4847
U04848,4848
U04849,4849
U04850,4850
U04851,4851
U04852,4852
U04853,4853
U04854,4854
U04855,4855
U04856,4856
U04857,4857
U04858,4858
U04859,4859
U04860,4860
U04861,4861
U04862,4862
U04863,4863
U04864,4864
U04865,4865
U04866,4866
U04867,4867
U04868,4868
U04869,4869
U04870,4870
U04871,4871
U04872,4872
U04873,4873
U04874,4874
U04875,4875
U04876,4876
U04877,4877
U04878,4878
U04879,4879
U04880,4880
U04881,4881
U04882,4882
U04883,4883
U04884,4884
U04885,4885
U04886,4886
U04887,4887
U04888,4888
U04889,4889
U04890,4890
U04891,4891
U04892,4892
U04893,4893
U04894,4894
U04895,4895
U04896,4896
U04897,4897
U04898,4898
U04899,4899
U04900,4900
U04901,4901
U04902,4902
U04903,4903
U04904,4904
U04905,4905
U04906,4906
U04907,4907
U04908,4908
U04909,4909
U04910,4910
U04911,4911
U04912,4912
U04913,4913
U04914,4914
U04915,4915
U04916,4916
U04917,4917
U04918,4918
U04919,4919
U04920,4920
U04921,4921
U04922,4922
U04923,4923
U04924,4924
U04925,4925
U04926,4926
U04927,4927
U04928,4928
U04929,4929
U04930,4930
U04931,4931
U04932,4932
U04933,4933
U04934,4934
U04935,4935
U04936,4936
U04937,4937
U04938,4938
U04939,4939
U04940,4940
U04941,4941
U04942,4942
U04943,4943
U04944,4944
U04945,4945
U04946,4946
U04947,4947
U04948,4948
U04949,4949
U04950,4950
U04951,4951
U04952,4952
U04953,4953
U04954,4954
U04955,4955
U04956,4956
U04957,4957
U04958,4958
U04959,4959
U04960,4960
U04961,4961
U04962,4962
U04963,4963
U04964,4964
U04965,4965
U04966,4966
U04967,4967
U04968,4968
U04969,4969
U04970,4970
U04971,4971
U04972,4972
U04973,4973
U04974,4974
U04975,4975
U04976,4976
U04977,4977
U04978,4978
U04979,4979
U04980,4980
U04981,4981
U04982,4982
U04983,4983
U04984,4984
U04985,4985
U04986,4986
U04987,4987
U04988,4988
U04989,4989
U04990,4990
U04991,4991
U04992,4992
U04993,4993
U04994,4994
U04995,4995
U04996,4996
U04997,4997
U04998,4998
U04999,4999
