userId,1562,2701
24,2.06,2.0
54,3.0,2.0
58,2.06,1.0
91,2.06,3.0
104,2.06,1.0
116,1.0,2.0
131,2.06,1.5
156,2.06,3.0
208,2.0,2.18
245,2.06,2.0
247,2.06,2.0
251,2.06,5.0
258,2.0,4.0
271,2.06,4.0
294,1.5,2.5
298,2.06,3.0
347,2.06,2.0
367,2.0,1.0
388,2.5,1.5
421,2.5,3.0
422,2.06,4.0
457,2.06,1.5
489,3.0,2.18
520,2.06,3.5
554,3.0,2.18
578,3.5,2.18
586,1.5,1.5
587,2.0,2.0
609,2.06,1.0
610,4.0,2.18
631,2.0,2.18
632,3.0,2.18
637,2.0,2.18
648,1.0,2.18
729,2.06,2.5
741,3.5,3.0
744,2.0,2.18
768,3.0,3.0
775,1.5,1.0
812,1.0,1.0
872,3.5,2.18
903,1.0,1.0
935,2.0,2.0
955,2.06,1.0
970,4.0,2.18
982,1.5,3.0
1001,2.5,2.5
1011,2.0,2.18
1057,3.0,2.18
1068,3.0,4.0
1154,2.06,3.0
1155,2.5,2.0
1165,2.0,1.5
1185,2.5,2.5
1200,2.06,2.5
1222,2.06,2.5
1244,3.5,3.5
1270,3.0,3.0
1288,2.06,4.0
1296,1.0,2.18
1323,2.5,2.18
1372,3.0,2.18
1411,1.5,1.5
1419,2.5,2.5
1421,1.0,2.18
1446,2.06,1.0
1507,2.0,2.0
1516,2.0,0.5
1548,1.0,2.18
1560,2.06,1.0
1571,1.0,2.18
1600,2.06,2.0
1602,2.06,4.5
1608,3.0,3.0
1644,2.06,3.0
1667,2.06,1.0
1678,2.06,1.5
1715,1.0,2.0
1729,1.0,1.0
1741,2.06,1.0
1748,2.06,2.0
1755,0.5,2.18
1813,1.0,0.5
1815,2.06,2.0
1849,2.5,2.5
1854,2.5,2.18
1855,1.0,2.18
1864,3.0,2.18
1876,2.06,0.5
1887,2.06,2.5
1906,3.5,3.0
1942,1.0,2.18
1963,2.06,2.5
1966,1.0,1.0
1972,1.0,2.18
1984,2.06,3.5
2001,3.5,2.18
2004,2.06,2.5
2005,2.0,2.18
2024,2.06,3.0
2038,1.5,2.5
2047,3.5,3.0
2071,0.5,2.18
2081,2.0,3.5
2082,2.06,2.0
2099,2.06,3.0
2113,2.06,2.0
2138,2.5,2.0
2158,2.5,2.18
2171,2.0,2.18
2232,2.5,1.0
2259,1.0,2.18
2261,1.0,2.0
2344,3.0,3.0
2349,3.5,4.0
2374,2.06,2.0
2378,1.0,2.18
2397,3.0,3.0
2398,3.0,2.18
2428,3.0,3.5
2444,1.0,1.5
2517,2.06,3.0
2558,2.0,1.5
2568,2.06,1.5
2611,2.0,0.5
2650,2.06,3.5
2657,2.0,2.0
2669,2.0,2.0
2684,2.06,3.5
2718,2.0,2.0
2756,4.0,2.18
2757,2.06,1.0
2762,1.0,1.0
2772,2.06,2.5
2866,1.0,2.18
2868,3.0,2.0
2891,3.5,2.5
2898,2.06,3.0
2909,2.06,1.5
2915,2.06,2.5
2925,1.5,3.0
2930,2.06,4.0
2945,3.5,2.5
2988,2.06,3.0
3171,2.0,2.5
3173,3.0,3.0
3179,2.0,2.18
3184,2.0,2.0
3197,3.0,2.0
3207,3.0,2.18
3210,1.0,3.0
3218,1.5,1.5
3236,4.0,1.0
3268,2.06,3.0
3269,1.0,2.18
3277,2.0,1.5
3284,3.0,2.0
3289,2.06,1.0
3293,2.0,2.18
3318,2.0,1.0
3397,1.0,2.18
3424,2.0,2.0
3450,1.5,1.5
3457,3.0,3.0
3461,1.0,2.18
3487,2.0,3.0
3490,2.06,1.5
3508,2.06,2.0
3513,3.0,3.0
3514,2.0,3.5
3515,2.06,1.0
3576,2.5,0.5
3592,1.0,0.5
3597,2.0,2.18
3629,1.5,2.0
3660,2.06,0.5
3663,2.0,3.0
3664,2.5,2.0
3676,1.0,2.18
3697,1.5,2.0
3700,2.06,1.0
3704,2.06,3.0
3743,1.0,2.18
3746,1.0,1.0
3761,4.0,4.0
3797,2.06,1.0
3827,2.06,1.0
3858,0.5,0.5
3864,1.5,3.0
3899,2.06,3.0
3907,1.0,2.0
3927,3.0,3.0
3948,2.06,0.5
3971,3.5,4.0
3976,2.06,1.0
3986,2.06,2.0
4034,2.0,3.0
4038,0.5,2.18
4066,1.5,1.5
4083,2.5,2.5
4084,4.0,2.18
4087,2.06,1.5
4129,2.0,2.0
4140,1.0,3.0
4150,2.06,3.0
4184,1.5,2.18
4191,0.5,0.5
4215,4.0,2.18
4222,2.0,2.18
4295,1.0,3.0
4308,3.0,2.0
4311,2.0,2.0
4347,2.06,1.0
4358,4.0,3.0
4389,2.06,2.0
4417,2.06,3.0
4423,4.0,4.0
4428,2.5,2.18
4450,2.06,3.0
4500,2.06,3.0
4507,2.0,1.0
4526,2.0,1.0
4529,1.5,2.0
4587,2.0,2.18
4594,3.0,2.0
4598,2.5,2.18
4605,2.5,1.0
4641,2.06,2.0
4677,0.5,2.5
4696,3.0,2.0
4748,2.06,2.0
4759,2.0,2.18
4760,1.0,1.0
4769,2.06,1.0
4786,2.06,3.5
4831,2.0,2.0
4855,1.5,2.18
4866,3.0,2.0
4884,2.06,2.0
4914,3.0,2.0
4924,2.0,2.0
4937,3.0,2.0
4967,2.06,3.5
4968,1.0,2.5
4989,3.0,2.18
4999,2.06,1.0
5036,2.06,1.0
5046,2.0,2.18
5063,1.5,3.5
5076,2.0,2.18
5080,2.5,3.0
5084,2.0,3.0
5092,1.0,2.18
5102,2.0,2.0
5137,2.0,0.5
5155,3.0,2.5
5157,3.5,2.18
5178,2.06,3.0
5195,3.0,2.18
5216,2.0,3.0
5225,2.0,2.0
5231,2.06,3.0
5276,2.06,2.0
5303,4.0,3.5
5314,2.0,3.0
5347,0.5,2.18
5352,2.0,3.0
5353,2.06,2.0
5382,2.06,1.0
5393,2.0,2.0
5416,2.0,2.0
5468,2.0,4.0
5475,2.0,1.0
5483,1.0,1.0
5504,2.0,3.0
5506,2.06,2.5
5513,2.0,2.18
5518,1.0,1.0
5546,3.5,3.0
5604,1.0,2.0
5606,1.0,3.0
5706,2.5,2.18
5725,2.0,2.18
5726,2.0,2.18
5749,1.0,2.18
5768,2.06,1.5
5784,3.0,3.0
5791,2.0,2.18
5843,2.06,2.5
5878,2.06,2.5
5929,2.5,2.18
5952,0.5,0.5
5954,2.06,2.5
5960,2.06,1.5
5995,2.06,2.5
6000,2.5,2.0
6021,3.0,2.18
6034,2.06,2.0
6057,2.06,2.5
6059,3.5,4.5
6060,2.06,2.5
6093,2.06,4.0
6095,3.0,2.18
6099,3.0,2.18
6108,2.5,2.18
6111,2.06,1.5
6112,3.0,2.18
6132,2.06,1.0
6152,1.0,1.0
6166,3.0,2.18
6232,1.5,2.0
6236,2.06,2.0
6314,0.5,2.18
6318,3.0,2.0
6349,2.06,1.0
6366,3.0,2.18
6373,2.06,1.5
6388,3.0,2.18
6418,3.0,2.5
6431,3.0,2.18
6447,2.06,2.0
6578,2.06,2.5
6597,0.5,2.18
6624,2.0,2.18
6630,1.0,3.0
6636,1.0,2.18
6715,2.06,3.5
6719,3.0,2.5
6722,1.0,2.18
6739,2.0,1.0
6743,3.0,3.0
6814,2.5,2.18
6861,2.06,3.0
6873,1.0,1.0
6881,1.5,1.5
6889,4.0,3.0
6917,1.0,2.18
6921,1.0,1.0
6964,4.0,3.0
6976,1.0,0.5
6978,1.5,2.0
6988,2.06,0.5
7032,1.0,3.0
7159,2.5,4.5
7188,2.5,2.18
7201,4.0,2.0
7232,0.5,2.18
7243,2.06,1.5
7289,2.0,2.0
7321,4.0,1.0
7348,3.0,3.0
7370,2.5,2.0
7371,2.06,2.0
7377,2.0,2.0
7434,2.0,2.0
7443,1.0,2.18
7469,2.06,2.0
7472,2.06,1.0
7496,2.06,2.0
7545,2.5,2.18
7547,1.0,1.0
7554,2.5,1.0
7557,3.5,2.18
7571,2.06,2.0
7577,1.0,2.18
7590,2.0,1.0
7653,2.06,1.0
7655,2.06,3.0
7693,2.06,2.0
7699,1.5,0.5
7707,3.0,2.18
7744,2.06,3.5
7784,1.0,2.18
7828,1.0,3.5
7833,0.5,2.18
7835,2.06,2.0
7858,2.0,3.0
7880,2.06,2.5
7882,2.5,3.0
7899,3.0,2.18
7940,2.06,4.0
7963,2.0,2.18
7989,2.06,2.0
7996,2.0,3.0
8019,2.06,1.0
8032,1.0,3.0
8060,1.0,2.18
8082,2.0,2.18
8083,4.5,2.18
8084,2.0,2.0
8152,2.06,2.0
8173,2.06,1.0
8188,2.06,3.0
8197,0.5,2.0
8221,2.0,2.18
8224,1.0,2.0
8229,3.0,4.0
8258,2.5,2.18
8337,3.5,3.5
8364,1.0,1.5
8391,5.0,3.0
8405,1.5,1.5
8438,3.0,2.18
8441,2.06,3.0
8449,2.06,1.0
8459,0.5,2.18
8498,2.06,2.0
8499,2.5,2.18
8541,3.0,2.18
8568,0.5,2.18
8575,2.06,2.5
8584,4.0,2.0
8592,2.06,1.5
8596,2.06,1.0
8608,3.0,1.5
8609,1.0,2.18
8623,1.0,2.18
8644,2.0,2.0
8647,3.0,4.0
8660,1.0,2.0
8703,2.06,1.5
8713,2.06,4.0
8739,2.06,2.0
8761,2.06,2.0
8784,2.06,3.0
8788,1.5,2.18
8805,3.5,3.0
8807,4.0,3.0
8924,0.5,0.5
8932,2.06,0.5
8962,3.0,2.18
8966,3.0,3.5
8979,3.0,3.0
9032,1.0,3.5
9042,2.5,2.18
9087,2.5,2.18
9109,2.0,3.0
9116,2.0,2.0
9118,2.06,3.5
9145,2.0,2.18
9156,2.06,2.5
9170,2.06,1.0
9175,2.0,1.0
9197,3.0,2.18
9199,2.06,4.0
9207,2.06,2.5
9230,4.0,4.0
9266,2.06,1.0
9267,2.06,2.0
9291,2.0,2.18
9362,2.0,1.5
9390,2.06,3.0
9410,1.5,2.18
9446,3.0,3.0
9471,2.06,1.0
9497,2.06,3.5
9511,2.0,1.0
9514,2.5,3.0
9544,2.0,2.0
9562,2.06,2.0
9579,2.0,2.0
9628,1.0,3.5
9649,2.0,2.18
9650,2.0,2.0
9720,2.5,2.18
9790,3.0,3.0
9795,1.5,2.18
9798,3.0,1.0
9799,1.0,1.0
9801,4.0,2.18
9815,2.0,2.18
9834,2.06,3.0
9838,1.5,3.0
9893,2.0,2.18
9917,2.5,3.0
9930,3.0,2.18
9952,1.0,2.0
10012,1.0,2.18
10021,2.06,3.5
10026,1.0,3.0
10054,2.06,1.0
10059,1.0,2.0
10085,4.0,2.0
10086,3.0,2.0
10112,1.0,2.18
10119,1.0,2.18
10164,1.5,2.18
10169,1.0,2.18
10203,2.06,2.0
10224,3.0,3.0
10229,2.06,4.0
10271,0.5,2.18
10280,1.0,3.0
10292,2.0,3.5
10303,3.0,2.18
10314,1.5,2.0
10321,4.0,4.0
10338,4.0,2.18
10339,2.0,3.5
10389,1.0,2.18
10412,2.06,3.0
10435,1.0,2.18
10443,0.5,0.5
10453,2.06,3.0
10460,2.06,2.0
10481,2.5,2.18
10497,2.06,1.5
10514,0.5,2.5
10534,1.0,1.0
10540,2.0,2.18
10560,1.0,1.0
10571,2.06,2.0
10598,2.06,2.0
10616,4.0,3.0
10624,2.06,3.0
10627,2.06,1.5
10649,2.06,3.5
10670,2.0,2.18
10678,1.5,1.5
10721,3.0,2.18
10761,3.0,2.0
10762,0.5,0.5
10781,2.0,2.18
10788,1.5,2.0
10802,2.06,3.0
10821,2.0,2.5
10829,2.5,2.0
10863,2.06,3.0
10916,0.5,3.5
10931,4.5,4.5
10937,1.0,2.18
10940,2.0,1.0
10977,0.5,3.0
10989,1.0,1.0
11074,2.0,2.5
11090,1.0,1.0
11166,3.0,2.18
11189,2.06,2.0
11229,4.0,3.0
11230,2.5,2.18
11237,4.0,2.18
11246,2.0,1.5
11257,1.5,1.0
11304,2.06,1.0
11314,0.5,0.5
11343,3.0,2.0
11348,2.06,2.0
11350,2.5,2.18
11357,2.5,3.5
11424,2.06,3.0
11434,2.0,2.18
11443,2.0,2.18
11506,3.5,3.5
11517,0.5,0.5
11538,2.06,2.0
11560,3.0,2.18
11574,2.06,2.0
11668,2.0,2.18
11706,2.5,2.18
11712,2.06,2.5
11717,2.0,2.18
11719,2.0,2.18
11748,2.5,2.5
11784,2.06,2.0
11800,1.0,1.0
11871,2.0,2.18
11900,1.5,4.0
12008,2.0,2.18
12026,1.0,2.0
12044,0.5,2.18
12047,0.5,2.18
12051,2.06,2.0
12064,3.5,2.18
12080,2.06,3.0
12092,2.06,3.0
12100,2.06,3.0
12111,2.0,2.5
12128,2.06,2.0
12131,1.5,0.5
12158,0.5,2.18
12161,2.06,1.0
12172,2.5,3.0
12208,4.0,1.0
12217,2.0,1.0
12239,1.5,1.5
12242,2.0,2.18
12258,2.06,1.0
12270,2.5,2.18
12271,2.5,2.18
12288,2.06,2.5
12296,2.06,2.5
12322,2.0,2.18
12363,3.0,4.0
12367,1.0,2.18
12382,0.5,2.18
12389,2.0,3.0
12435,1.0,2.18
12485,1.0,2.18
12490,4.0,4.0
12544,2.06,2.0
12555,0.5,1.0
12566,1.5,2.5
12593,2.06,1.0
12598,3.5,3.0
12602,2.06,2.0
12618,3.0,0.5
12619,4.0,2.18
12623,3.0,1.5
12644,2.5,2.5
12649,2.06,2.5
12659,2.0,2.18
12668,2.06,2.0
12710,2.0,2.0
12722,1.0,2.18
12753,2.06,3.0
12770,2.06,2.0
12778,2.06,1.5
12783,0.5,2.18
12793,0.5,1.5
12802,3.0,2.18
12849,2.06,1.0
12859,2.06,3.0
12887,3.5,3.5
12892,1.0,2.18
12907,1.0,2.18
12944,2.0,2.18
12950,2.0,2.18
12973,2.0,1.0
13025,2.06,1.5
13049,0.5,4.0
13064,1.0,2.18
13075,2.06,3.0
13090,1.5,2.18
13141,1.0,1.0
13155,2.5,2.18
13174,2.06,0.5
13202,2.0,2.18
13215,2.0,2.0
13244,1.5,2.18
13255,2.06,1.0
13264,2.06,1.5
13285,1.5,2.0
13338,1.5,0.5
13345,3.5,2.18
13367,2.0,2.18
13376,2.0,2.0
13429,2.0,2.18
13431,2.06,1.0
13433,3.0,3.0
13434,1.5,2.18
13453,4.0,4.0
13454,2.06,2.5
13466,3.0,2.18
13494,2.0,2.5
13499,3.0,1.0
13559,2.06,2.0
13564,2.06,4.0
13565,2.06,2.5
13589,2.06,3.0
13604,2.5,2.0
13623,4.0,3.5
13629,3.0,2.18
13639,2.0,2.5
13666,2.06,3.0
13718,2.06,3.0
13730,1.5,2.5
13753,2.5,3.0
13787,0.5,2.18
13828,2.06,1.0
13838,2.06,3.5
13849,1.0,1.0
13866,3.0,2.18
13889,1.0,2.18
13892,2.06,1.0
13942,1.0,3.5
13944,2.06,4.0
13952,2.0,2.18
13955,3.5,2.18
13964,4.0,4.0
13991,2.0,2.18
14025,1.0,2.18
14032,1.0,2.18
14052,1.0,2.18
14053,3.0,2.18
14056,1.0,2.0
14071,2.06,1.5
14081,2.0,2.0
14083,3.0,2.18
14107,3.5,2.5
14133,2.06,2.0
14155,1.0,1.0
14196,1.0,2.5
14231,2.06,1.0
14253,2.0,1.5
14280,3.0,4.0
14285,2.0,1.0
14331,3.5,2.5
14377,2.06,1.0
14421,2.0,2.18
14449,2.06,2.0
14462,2.0,2.0
14512,2.06,3.0
14519,2.0,1.0
14528,2.0,3.0
14544,2.5,2.18
14546,3.0,2.18
14572,2.0,2.18
14665,2.0,2.0
14678,3.5,2.0
14680,1.0,2.18
14704,1.0,1.0
14705,1.0,2.18
14808,2.5,2.18
14836,2.0,3.0
14856,1.0,1.0
14859,1.0,2.18
14867,2.06,2.5
14916,2.0,2.18
14929,4.0,2.18
14941,4.0,3.0
14977,1.0,1.0
14992,2.06,3.5
14994,2.06,1.5
15013,2.5,3.0
15043,2.06,0.5
15047,2.0,2.18
15138,2.0,2.18
15194,2.06,1.5
15196,2.06,1.5
15203,0.5,2.0
15204,2.5,1.0
15213,0.5,1.0
15242,2.06,0.5
15249,2.0,1.0
15261,2.06,2.0
15276,1.0,2.18
15308,1.0,2.18
15314,2.06,2.5
15361,2.06,3.0
15374,1.0,1.5
15469,3.5,2.5
15478,0.5,2.18
15486,2.5,3.0
15497,1.0,1.0
15529,2.06,2.0
15548,2.06,2.0
15585,3.0,3.5
15601,2.06,1.5
15616,1.0,1.0
15617,3.0,2.5
15682,1.0,1.0
15694,0.5,0.5
15701,3.5,3.0
15720,1.0,1.0
15733,3.0,2.18
15753,4.0,3.0
15781,2.06,2.0
15813,1.0,3.0
15822,3.0,2.0
15825,1.0,3.0
15837,2.06,1.0
15838,2.5,2.5
15855,5.0,3.0
15882,3.0,2.18
15901,2.0,2.18
15907,0.5,2.5
15908,2.06,2.5
15911,2.0,1.0
15918,2.06,2.0
15927,1.0,1.5
15944,3.0,2.0
15964,2.06,3.0
16037,1.0,2.18
16041,3.0,3.0
16050,1.0,2.0
16126,2.06,2.5
16127,2.06,2.5
16144,2.06,3.0
16174,3.0,2.18
16175,2.06,1.5
16187,2.06,2.0
16235,2.0,2.0
16238,2.06,3.0
16251,3.0,2.18
16253,2.0,1.0
16268,2.06,1.5
16270,2.06,2.0
16284,2.0,2.0
16304,2.0,2.18
16339,2.06,3.0
16343,2.06,1.0
16348,1.0,2.18
16351,1.0,0.5
16383,3.0,2.18
16398,3.0,2.18
16416,3.0,2.18
16447,2.06,1.0
16452,2.06,4.0
16454,3.0,2.18
16532,3.0,2.0
16533,5.0,2.18
16581,2.0,0.5
16612,2.06,0.5
16614,2.06,2.5
16670,1.5,2.18
16676,2.5,2.18
16693,2.06,3.0
16734,1.0,1.0
16785,2.06,2.5
16824,2.06,4.0
16830,2.0,2.18
16840,1.0,2.0
16865,1.0,1.5
16919,2.0,3.0
16920,1.5,2.18
16924,1.0,2.18
16936,1.5,2.5
16938,3.5,4.5
16948,1.0,1.0
16977,2.06,2.5
17009,4.0,2.18
17014,4.0,1.0
17015,1.0,1.0
17035,1.5,2.18
17042,3.0,3.5
17062,1.0,2.5
17078,2.0,2.0
17108,2.0,2.18
17127,3.0,3.0
17163,2.06,3.0
17166,3.5,3.0
17173,1.5,2.18
17176,2.5,2.18
17185,1.5,1.5
17190,1.0,2.18
17320,1.0,2.18
17348,2.06,1.0
17391,3.0,2.0
17444,3.0,2.18
17446,2.06,1.5
17455,2.06,1.0
17488,2.5,2.5
17503,2.06,1.0
17516,2.0,3.0
17540,2.06,4.0
17556,1.0,2.0
17603,3.0,2.5
17630,2.06,2.5
17635,2.0,1.0
17640,1.5,3.0
17708,4.0,2.18
17762,3.0,2.18
17768,2.06,3.0
17781,1.5,1.5
17801,2.0,2.18
17818,4.0,4.0
17838,2.06,3.5
17851,3.0,2.18
17918,1.5,1.5
17988,2.06,3.0
18004,1.0,2.18
18007,0.5,2.18
18069,2.0,2.0
18133,2.06,2.0
18138,1.0,1.0
18145,0.5,2.0
18191,1.0,2.0
18214,2.0,2.18
18228,3.0,2.18
18250,2.5,2.18
18255,2.0,2.0
18319,0.5,0.5
18338,2.0,2.18
18365,2.06,0.5
18377,3.0,3.0
18390,0.5,0.5
18398,2.06,3.5
18416,2.06,2.0
18438,2.06,1.0
18471,1.0,1.0
18496,2.0,2.18
18515,1.0,2.5
18540,2.0,1.0
18548,2.06,0.5
18574,2.06,1.0
18588,3.5,2.18
18592,3.0,2.5
18604,0.5,1.0
18605,2.0,3.0
18606,2.06,3.0
18611,1.0,1.0
18612,3.0,2.18
18628,1.0,2.18
18670,2.06,2.0
18675,2.06,2.0
18683,3.0,3.0
18706,1.5,1.5
18711,1.5,2.0
18756,1.5,2.0
18768,1.0,2.18
18795,4.0,3.0
18833,1.0,0.5
18875,2.06,4.0
18901,1.0,1.0
18907,3.0,3.0
18929,3.0,1.5
18932,1.5,2.18
18949,3.0,2.18
18958,2.06,2.0
18968,2.0,2.5
18972,2.06,3.0
18977,2.0,1.5
18992,2.0,2.18
18998,1.5,2.0
19008,2.06,2.0
19035,2.06,2.0
19107,2.0,2.18
19137,2.06,2.0
19152,3.0,3.0
19162,0.5,2.0
19163,3.0,2.18
19197,1.0,2.18
19212,2.06,1.0
19231,4.0,3.0
19242,3.0,2.18
19248,2.06,3.5
19279,2.0,3.0
19293,0.5,2.18
19305,2.5,0.5
19307,2.06,1.5
19310,2.06,3.0
19337,1.5,2.18
19344,1.5,4.0
19346,1.0,2.18
19363,1.5,2.18
19377,2.0,2.0
19401,2.0,2.0
19416,2.06,0.5
19477,2.5,2.5
19528,3.0,2.18
19546,2.06,1.0
19598,3.5,2.18
19602,2.06,1.5
19621,2.06,1.0
19630,1.0,2.18
19706,2.06,1.0
19711,1.0,3.5
19716,2.0,1.0
19722,2.0,2.18
19724,2.0,2.18
19776,2.06,1.0
19800,2.06,3.5
19867,2.06,1.0
19881,1.5,2.18
19937,2.06,3.0
19950,2.06,1.0
19963,2.5,3.5
19971,2.06,2.0
19995,3.0,2.0
20011,1.0,2.18
20028,4.0,3.0
20117,2.5,3.0
20127,2.06,1.0
20132,3.0,2.0
20135,2.06,3.5
20144,2.06,0.5
20163,2.06,2.0
20165,2.06,3.0
20180,2.0,0.5
20199,2.0,2.18
20202,0.5,0.5
20203,2.06,2.5
20207,3.0,1.0
20215,2.0,2.5
20246,1.0,2.0
20285,1.0,1.0
20304,2.0,3.0
20309,2.06,3.5
20328,0.5,2.18
20372,0.5,2.18
20398,1.0,2.0
20406,3.0,2.18
20436,2.5,2.5
20452,2.0,2.18
20453,3.0,3.5
20488,2.06,3.0
20506,2.06,2.0
20541,2.0,3.0
20619,2.5,2.0
20622,0.5,0.5
20656,2.06,1.5
20824,2.5,2.5
20836,2.06,1.0
20899,3.5,2.18
20948,1.0,1.0
20961,2.5,2.0
20988,2.06,3.0
21023,3.0,2.18
21055,1.0,2.18
21057,1.5,2.18
21070,4.5,2.5
21078,4.0,1.0
21157,2.0,2.18
21163,1.0,2.18
21165,1.5,2.18
21179,2.06,1.5
21185,3.5,2.18
21186,2.06,3.0
21193,4.0,2.18
21200,2.06,1.5
21215,2.5,2.18
21343,2.06,1.5
21349,2.0,3.0
21363,2.5,2.18
21381,2.06,4.0
21391,2.0,1.0
21398,2.0,2.18
21408,2.06,3.0
21496,1.5,1.5
21525,2.0,2.0
21617,3.0,2.5
21627,2.06,2.5
21664,3.0,3.0
21672,2.0,2.18
21677,2.0,1.5
21711,2.06,0.5
21714,1.0,2.18
21842,2.0,3.0
21845,1.0,2.5
21859,2.5,2.18
21860,2.0,2.5
21861,0.5,0.5
21885,2.06,2.5
21909,2.06,1.0
22027,2.06,3.0
22058,1.0,2.18
22095,3.0,3.5
22122,1.0,1.5
22141,1.0,2.18
22149,2.0,3.0
22163,1.0,2.18
22182,3.0,2.18
22189,1.0,1.0
22200,2.0,2.18
22205,1.5,2.18
22213,4.0,4.0
22231,1.0,2.18
22319,2.06,2.0
22337,1.5,2.0
22339,2.06,0.5
22352,3.0,1.5
22357,2.06,1.0
22363,1.0,0.5
22371,1.0,2.0
22372,1.5,2.18
22411,2.0,2.0
22412,2.06,2.0
22429,4.0,4.0
22435,3.5,2.18
22501,1.5,2.5
22507,3.0,0.5
22550,3.0,4.5
22658,1.0,1.0
22676,2.06,3.0
22688,2.5,2.18
22693,2.06,0.5
22695,2.0,2.18
22697,3.0,2.18
22729,1.0,2.18
22744,2.0,2.18
22818,1.0,2.18
22861,2.0,2.18
22877,2.0,2.0
22898,4.0,2.18
22942,3.0,4.0
22944,1.5,2.18
22963,4.0,3.5
22966,2.0,1.5
22983,3.0,2.5
22998,2.06,2.0
23009,2.06,2.0
23039,2.5,2.18
23078,2.0,3.0
23093,5.0,3.0
23103,2.06,1.0
23130,2.0,2.18
23141,2.06,3.0
23149,2.06,1.5
23165,2.06,3.0
23173,1.5,1.0
23176,2.06,2.5
23180,1.0,2.0
23190,2.0,2.0
23222,3.0,3.0
23227,2.0,3.5
23262,2.06,1.0
23289,2.5,2.5
23311,3.5,2.0
23333,2.06,2.0
23345,3.0,3.5
23360,2.0,2.0
23421,2.06,1.0
23437,3.0,3.0
23447,3.0,3.0
23498,2.06,3.0
23512,2.06,2.0
23571,2.0,3.0
23596,2.0,2.18
23627,2.5,2.18
23646,1.5,3.5
23668,1.0,0.5
23725,2.06,1.0
23732,2.06,3.0
23832,2.06,3.0
23841,2.5,2.18
23843,3.0,2.18
23851,3.0,2.18
23861,5.0,1.0
23877,0.5,0.5
23887,3.0,3.0
23923,2.06,0.5
24006,2.06,3.0
24027,2.0,4.0
24071,1.0,2.18
24077,1.0,2.18
24087,2.0,1.5
24088,1.0,3.0
24109,2.06,4.0
24119,1.0,2.18
24127,4.0,4.0
24135,2.5,3.0
24143,2.5,2.0
24212,4.0,2.18
24219,3.0,2.5
24260,2.06,1.0
24279,2.0,2.0
24295,2.0,2.5
24347,1.0,2.18
24397,2.0,1.0
24425,3.5,2.5
24431,2.06,2.0
24443,2.06,2.0
24454,2.0,2.18
24464,2.06,2.5
24475,0.5,2.18
24549,1.0,2.0
24563,1.5,2.0
24565,1.5,3.0
24573,2.06,3.0
24626,2.06,3.0
24636,3.0,1.0
24643,2.5,3.0
24648,2.06,2.5
24661,3.0,2.18
24671,3.0,2.18
24675,2.06,1.0
24688,1.0,3.0
24691,1.0,2.0
24718,2.0,2.18
24719,2.0,3.0
24740,4.0,3.0
24800,2.0,3.0
24816,2.0,2.0
24830,2.0,2.0
24846,2.0,1.5
24857,2.0,2.18
24870,3.5,0.5
24893,1.0,2.0
24901,1.0,2.0
24903,1.0,2.18
24905,1.0,2.18
24945,1.0,2.18
24964,2.06,2.0
24976,1.0,3.0
25002,1.0,2.18
25019,2.06,1.5
25071,1.5,1.0
25092,0.5,0.5
25093,3.0,1.0
25101,1.0,0.5
25110,2.06,1.0
25134,1.0,1.0
25152,1.5,2.18
25178,1.0,2.18
25192,2.06,1.0
25208,2.06,2.0
25273,0.5,2.18
25296,2.0,2.18
25302,1.0,2.5
25307,1.0,0.5
25345,2.5,3.0
25383,2.0,1.0
25388,1.0,2.18
25411,2.0,3.5
25414,2.5,2.18
25460,2.06,4.0
25464,2.5,2.18
25477,2.0,2.0
25478,2.0,1.5
25511,0.5,0.5
25562,2.5,2.18
25591,2.06,3.5
25607,2.06,1.0
25610,2.06,4.0
25614,2.06,0.5
25639,3.0,2.18
25651,2.06,2.5
25676,2.0,2.5
25704,1.0,2.18
25723,2.06,3.0
25772,2.0,2.18
25777,1.0,2.0
25823,2.06,2.0
25827,2.0,3.0
25856,2.5,3.5
25859,2.06,3.0
25901,2.06,1.0
25955,3.0,2.0
25960,3.0,2.18
25978,2.0,2.5
26004,2.06,1.0
26012,3.0,2.0
26062,1.5,2.0
26067,2.5,2.5
26084,2.06,2.5
26123,2.06,0.5
26138,2.0,2.18
26145,2.06,1.0
26185,1.0,1.0
26193,2.06,1.5
26198,2.0,2.0
26214,2.06,3.0
26222,2.5,2.18
26223,4.0,3.0
26244,3.5,2.18
26270,2.06,2.0
26273,2.06,1.0
26277,0.5,2.5
26311,3.0,2.18
26313,1.0,3.0
26316,2.06,1.0
26337,2.06,2.0
26347,2.06,2.0
26378,4.0,2.18
26447,2.06,2.5
26460,0.5,2.18
26480,3.5,3.5
26492,0.5,2.18
26503,2.06,0.5
26516,4.0,3.0
26582,2.0,2.18
26623,0.5,1.5
26640,2.5,2.5
26647,2.06,1.0
26672,4.5,2.18
26673,1.0,3.0
26708,2.5,2.18
26763,2.06,1.0
26793,2.06,2.0
26808,2.5,4.0
26815,2.5,2.18
26821,1.0,2.0
26833,2.0,4.0
26835,2.5,3.0
26849,2.06,1.0
26860,2.06,1.0
26863,2.0,3.5
26867,1.5,2.18
26876,2.06,1.0
26880,3.0,2.0
26881,2.06,3.0
26885,2.0,2.0
26904,2.06,2.0
26926,2.0,1.0
26944,2.0,2.5
26967,1.0,2.18
26987,2.06,2.0
27007,2.06,1.0
27041,1.0,3.0
27051,0.5,2.5
27053,0.5,1.5
27054,1.0,1.0
27073,3.0,3.0
27075,2.06,1.0
27102,2.06,2.0
27119,1.0,2.18
27141,1.5,2.18
27149,3.0,2.18
27166,2.06,4.0
27189,3.5,3.0
27210,1.5,3.0
27252,2.0,2.18
27387,3.0,2.0
27426,3.0,1.5
27441,1.0,2.18
27460,2.06,1.5
27463,2.0,3.0
27469,2.06,2.5
27473,3.0,2.18
27531,0.5,1.5
27544,2.06,3.5
27551,1.5,0.5
27558,2.06,1.0
27563,3.0,1.0
27640,3.0,2.18
27647,1.5,2.0
27666,2.06,0.5
27679,0.5,2.18
27712,1.5,3.5
27729,2.06,3.5
27749,2.06,3.0
27764,2.5,2.18
27802,2.0,3.0
27810,3.0,4.0
27838,2.06,3.5
27854,0.5,2.0
27894,2.06,2.0
27898,2.0,2.18
27899,2.06,2.0
27942,2.0,2.18
27946,2.0,3.0
27990,2.06,3.0
28023,3.0,2.18
28035,3.5,2.5
28044,3.0,2.18
28051,2.0,2.0
28142,1.5,1.0
28145,2.0,3.0
28155,2.06,2.5
28191,2.5,4.0
28195,2.0,2.18
28222,2.0,2.0
28225,0.5,2.18
28239,0.5,2.18
28248,2.06,1.0
28340,2.0,2.18
28356,2.06,2.0
28394,2.06,0.5
28398,0.5,2.18
28427,2.0,2.18
28447,3.0,2.18
28509,3.5,3.5
28529,1.0,1.0
28544,3.5,3.5
28598,3.0,2.18
28609,2.06,1.5
28625,0.5,2.18
28638,2.06,3.0
28651,3.0,2.5
28660,2.06,2.0
28682,1.0,2.18
28688,0.5,2.18
28709,2.0,2.18
28724,2.06,2.0
28744,3.0,3.0
28756,3.0,2.0
28771,1.5,2.0
28780,1.5,1.0
28789,2.06,0.5
28805,3.0,2.18
28852,0.5,2.18
28860,2.5,2.18
28906,3.5,3.5
28916,1.0,1.0
28963,2.5,1.0
29015,2.0,2.18
29037,1.0,0.5
29052,2.06,3.0
29056,1.0,0.5
29063,2.06,2.0
29069,2.0,2.18
29084,2.5,3.0
29088,2.06,1.0
29126,2.5,3.0
29135,2.06,3.0
29151,2.06,3.0
29218,3.5,3.5
29226,3.5,3.0
29249,2.06,1.0
29250,0.5,2.18
29259,2.06,1.0
29261,1.0,1.0
29287,3.5,4.0
29294,1.5,2.0
29310,2.0,2.18
29313,3.0,2.18
29320,1.0,2.18
29333,1.0,1.0
29391,2.5,2.18
29420,0.5,2.0
29464,2.06,2.0
29507,2.06,1.5
29564,1.0,2.18
29575,2.5,2.5
29595,3.0,2.0
29598,2.06,1.0
29646,2.0,3.0
29673,2.0,2.5
29687,0.5,2.18
29693,1.0,1.0
29710,1.5,1.0
29737,3.5,3.5
29814,1.5,2.18
29879,2.5,3.0
29890,2.06,2.0
29893,2.0,2.18
29916,2.0,2.18
29922,2.06,1.5
30031,2.5,3.0
30047,2.06,2.0
30092,2.06,3.0
30100,0.5,0.5
30116,2.06,3.5
30123,2.5,3.0
30137,1.0,2.18
30140,1.5,1.0
30144,0.5,1.0
30150,3.0,1.0
30162,0.5,1.5
30172,1.0,2.18
30210,1.5,1.5
30241,1.5,3.5
30247,2.06,3.0
30322,2.0,2.18
30329,2.06,1.0
30336,2.0,2.0
30344,2.5,2.18
30412,3.0,2.18
30428,2.5,3.5
30497,2.0,3.0
30503,2.06,3.0
30507,1.5,2.0
30519,2.06,2.0
30532,2.06,1.0
30537,2.0,2.18
30567,2.06,1.5
30607,2.06,2.0
30620,2.06,2.0
30626,2.5,1.5
30631,3.5,2.18
30634,2.0,2.18
30637,0.5,2.0
30652,2.06,3.0
30664,2.06,2.0
30678,2.0,2.0
30724,3.0,2.0
30731,2.0,2.18
30739,2.06,4.5
30799,2.06,2.5
30835,4.0,1.0
30857,1.0,1.0
30861,2.06,3.0
30875,0.5,2.5
30891,3.0,2.18
30896,2.06,2.0
30914,2.0,1.0
30960,2.06,1.5
30967,2.0,2.18
31036,2.06,2.0
31042,1.0,2.0
31076,1.5,1.0
31122,3.0,2.5
31137,2.06,1.0
31199,2.0,3.0
31244,1.0,2.18
31246,1.5,2.5
31321,3.0,4.0
31328,2.0,2.18
31434,1.5,1.5
31454,2.5,2.18
31459,2.0,1.0
31468,3.0,2.18
31503,1.0,1.0
31580,2.06,2.5
31589,2.06,3.0
31616,3.0,2.18
31680,2.06,2.0
31712,2.5,2.5
31716,2.06,2.0
31720,2.06,2.0
31753,1.0,2.18
31782,2.06,2.5
31796,4.0,2.18
31891,1.5,2.18
31906,2.06,3.5
31907,2.5,2.18
31913,0.5,1.0
31921,2.0,3.0
31955,1.0,2.18
31988,2.5,2.18
31995,3.0,4.0
32022,2.06,3.5
32093,2.06,4.0
32094,2.0,2.5
32161,2.0,0.5
32181,1.0,2.18
32185,2.0,2.18
32222,2.06,3.5
32224,2.06,2.5
32284,2.5,2.18
32300,2.06,0.5
32321,2.5,2.18
32322,2.06,3.5
32340,3.0,1.5
32341,0.5,2.18
32344,1.5,2.18
32372,2.06,3.0
32514,2.5,2.18
32530,3.0,4.0
32541,2.06,1.5
32549,2.0,2.18
32555,3.0,2.5
32574,2.06,3.0
32596,1.0,2.18
32598,3.0,2.18
32632,2.0,2.0
32636,3.0,3.0
32662,2.06,1.5
32671,2.5,3.0
32673,2.06,4.0
32730,2.0,2.0
32768,0.5,1.0
32780,2.5,2.0
32813,1.0,2.18
32844,1.0,2.0
32861,2.0,3.0
32906,2.06,2.0
32923,2.0,2.18
32935,2.5,2.18
32957,2.06,2.0
32984,0.5,1.0
33035,2.5,3.0
33052,2.0,3.0
33082,1.0,2.18
33092,1.0,2.18
33183,2.0,2.5
33185,2.0,2.0
33190,3.0,4.0
33205,2.5,2.18
33209,2.06,1.5
33274,2.06,2.0
33319,0.5,2.18
33323,2.06,3.0
33349,0.5,1.0
33376,1.0,3.0
33384,2.06,1.5
33402,3.0,1.0
33483,0.5,3.0
33495,1.0,2.18
33534,2.06,3.0
33575,2.0,2.18
33581,2.06,3.5
33587,2.0,2.18
33611,1.0,1.0
33624,3.5,3.0
33690,1.0,1.5
33697,2.06,1.0
33713,2.06,2.0
33736,2.0,1.5
33803,2.06,2.5
33806,2.5,2.5
33818,0.5,1.5
33833,1.0,2.18
33841,0.5,2.18
33857,1.0,0.5
33863,1.0,2.0
33889,2.06,4.0
33936,1.5,2.18
33974,1.0,2.18
33981,2.06,1.5
33985,1.0,2.0
33991,2.06,2.5
34022,5.0,3.0
34046,2.06,2.0
34062,2.06,3.5
34065,2.0,2.18
34067,3.0,2.18
34078,3.0,2.18
34079,1.5,2.18
34103,2.0,3.0
34124,3.5,1.5
34127,2.0,1.0
34140,1.0,2.18
34180,1.5,2.5
34187,2.5,3.0
34191,2.06,3.0
34202,1.0,1.0
34207,2.5,3.5
34214,3.0,2.18
34224,2.0,2.18
34289,3.5,3.5
34313,2.06,1.5
34332,2.06,1.0
34344,2.0,2.18
34345,1.0,3.0
34350,2.0,2.18
34366,2.06,0.5
34382,2.06,1.0
34395,1.5,2.5
34402,3.5,3.5
34437,2.06,4.0
34440,0.5,2.0
34452,3.5,2.18
34479,2.06,2.0
34485,1.0,2.0
34494,2.06,2.5
34495,1.0,2.5
34544,2.06,1.0
34557,2.0,1.0
34570,3.5,4.0
34576,2.5,2.5
34584,0.5,2.18
34587,0.5,1.0
34601,4.0,4.0
34637,2.06,2.0
34651,4.0,3.0
34656,1.0,2.18
34670,3.0,3.0
34700,1.5,2.0
34716,2.06,5.0
34725,2.06,4.0
34750,2.06,3.0
34770,3.0,3.0
34823,2.5,2.5
34826,3.5,4.0
34842,2.0,3.0
34856,1.0,1.0
34863,2.5,2.5
34899,3.0,2.0
34954,3.0,2.0
34971,1.5,2.5
34981,5.0,4.0
34995,2.06,3.5
34999,1.5,2.18
35022,2.0,3.0
35063,2.06,0.5
35065,3.0,2.18
35066,3.0,3.5
35091,1.0,2.18
35098,2.06,2.5
35109,2.06,1.5
35115,1.0,2.0
35121,2.06,1.0
35128,1.0,1.0
35167,1.0,2.18
35190,3.0,4.0
35227,4.0,2.0
35232,3.0,2.18
35244,3.0,2.5
35246,2.0,2.0
35251,1.0,2.0
35258,2.5,2.0
35265,2.0,2.18
35272,0.5,2.18
35282,2.0,1.5
35303,2.5,2.18
35352,2.06,2.0
35356,2.06,3.0
35430,2.5,2.5
35436,2.06,2.5
35439,2.06,2.5
35458,3.5,3.5
35510,2.06,2.5
35522,1.0,1.0
35538,2.06,3.0
35631,3.5,2.18
35643,2.06,3.0
35701,2.0,2.18
35705,2.06,0.5
35709,2.06,1.5
35716,2.06,1.5
35761,1.0,2.18
35780,4.0,1.0
35804,1.0,2.18
35825,2.5,2.5
35834,2.06,3.0
35927,2.0,2.18
35966,2.5,2.18
35973,2.0,2.18
35985,3.0,2.0
35997,3.0,2.18
36003,3.0,2.18
36015,2.06,2.0
36017,1.0,2.0
36049,2.06,1.0
36059,2.0,2.0
36099,1.5,2.18
36128,4.0,2.18
36178,1.5,2.18
36204,0.5,0.5
36209,1.0,2.18
36221,1.5,2.0
36263,1.0,2.18
36268,4.0,2.18
36278,2.0,2.18
36281,2.06,3.5
36308,3.0,2.0
36312,2.0,1.5
36313,2.06,2.0
36334,2.0,3.0
36335,1.0,2.0
36391,3.5,2.5
36393,0.5,2.18
36408,2.06,3.5
36449,2.06,4.0
36451,2.06,2.0
36460,2.0,2.18
36468,2.0,4.0
36481,2.06,1.5
36482,5.0,4.5
36513,3.0,2.18
36516,2.06,2.0
36526,3.0,2.18
36547,1.0,2.18
36561,2.06,3.0
36594,3.0,4.0
36625,3.0,2.0
36628,2.5,2.0
36683,1.0,3.0
36686,1.5,2.5
36727,0.5,2.18
36786,2.06,2.0
36821,1.0,2.18
36913,2.06,3.0
36920,2.06,1.5
36963,1.5,2.5
36983,1.0,2.18
36985,1.0,1.0
37018,3.0,4.0
37042,1.0,1.0
37051,3.0,3.5
37064,1.0,2.0
37069,2.0,2.18
37074,2.5,1.0
37145,2.06,3.5
37179,2.06,1.5
37253,2.5,3.0
37264,0.5,2.18
37284,3.0,2.18
37317,3.0,3.0
37319,0.5,1.0
37331,1.0,2.18
37352,2.06,2.5
37406,2.06,4.0
37413,3.0,2.18
37422,5.0,2.18
37423,1.0,2.0
37508,2.06,4.0
37532,2.0,2.18
37547,3.0,2.18
37573,1.0,2.18
37577,0.5,2.18
37585,2.06,2.0
37618,2.5,2.5
37623,2.0,2.18
37629,2.06,2.0
37690,2.06,1.5
37695,1.5,0.5
37740,3.0,2.18
37754,2.06,2.0
37764,2.06,1.0
37780,2.0,2.0
37819,0.5,1.0
37823,2.5,2.5
37837,2.06,2.0
37842,2.5,3.0
37851,1.0,1.5
37859,2.5,2.18
37897,2.0,2.18
37914,2.0,2.0
37925,1.0,1.0
37956,3.5,2.18
37962,2.0,2.18
37991,1.0,1.0
37999,2.06,3.0
38020,2.06,2.5
38069,2.5,4.0
38082,2.06,0.5
38119,4.0,4.5
38156,1.5,2.18
38159,3.0,1.5
38184,0.5,2.18
38198,2.06,2.0
38222,3.0,2.18
38228,2.0,2.18
38243,2.06,3.0
38251,3.0,2.0
38264,2.06,2.5
38267,2.0,2.0
38282,3.0,3.0
38335,4.0,3.0
38372,3.0,3.0
38386,3.0,3.5
38397,2.0,2.18
38398,2.06,3.5
38430,2.06,1.0
38492,1.5,2.5
38532,5.0,3.0
38539,3.0,2.18
38541,3.0,2.0
38605,0.5,2.18
38628,1.0,2.0
38647,1.0,2.0
38655,3.0,2.18
38669,0.5,2.18
38670,2.06,3.0
38681,3.5,2.18
38696,2.0,2.0
38702,2.06,0.5
38711,0.5,3.0
38756,0.5,2.5
38773,3.0,2.0
38817,2.0,0.5
38820,1.5,2.18
38835,2.06,1.0
38852,2.06,1.0
38854,2.0,3.5
38899,2.06,3.0
38920,2.06,1.0
38936,2.0,1.0
38957,2.06,3.0
38965,2.5,2.18
38994,1.0,2.0
39002,2.5,2.0
39044,1.5,2.0
39085,3.0,1.0
39089,2.06,1.0
39102,4.0,3.0
39134,2.0,2.18
39151,2.06,2.5
39154,2.06,3.0
39181,2.0,1.0
39195,2.06,1.0
39198,3.0,2.0
39214,1.5,2.18
39268,2.06,4.0
39284,2.0,2.18
39288,2.0,2.18
39346,2.06,2.0
39381,1.0,4.0
39382,1.5,1.0
39385,2.5,2.18
39397,1.0,1.0
39412,2.06,2.0
39430,3.0,2.18
39432,3.5,4.0
39437,2.0,2.18
39450,1.0,1.0
39451,2.06,2.0
39461,1.0,2.0
39475,4.0,2.18
39497,0.5,2.5
39538,2.0,2.18
39553,3.0,2.18
39556,2.0,3.0
39579,2.06,2.0
39583,1.0,3.0
39619,2.0,2.18
39623,3.0,2.5
39647,2.0,3.0
39692,2.06,2.0
39734,2.06,1.0
39766,3.0,1.0
39778,3.0,1.5
39809,3.0,2.18
39880,2.5,3.5
39890,3.5,3.0
39920,2.06,1.0
39926,2.06,1.0
39937,1.0,3.0
39968,1.5,2.18
40008,2.5,3.0
40020,2.06,3.5
40039,2.0,3.0
40058,3.0,2.18
40069,2.06,3.0
40082,3.0,2.5
40101,2.06,4.0
40123,1.5,2.18
40156,2.06,1.0
40194,2.06,2.5
40206,2.0,2.18
40234,0.5,2.5
40240,4.0,3.0
40261,0.5,3.0
40278,1.5,2.18
40281,1.0,1.0
40285,1.5,2.0
40291,2.06,4.0
40308,2.06,2.5
40316,1.0,1.0
40412,2.06,3.5
40455,3.5,3.0
40469,0.5,2.5
40483,2.0,2.5
40518,1.0,1.0
40523,2.06,4.0
40536,2.06,2.0
40625,2.06,2.0
40649,4.0,4.0
40651,2.0,2.18
40666,2.0,2.18
40717,2.06,3.0
40768,2.0,2.18
40779,1.0,1.5
40798,2.0,2.18
40835,2.0,1.0
40846,2.06,2.0
40847,2.5,2.18
40850,2.06,0.5
40859,2.5,1.5
40960,2.5,2.18
40967,2.06,1.0
41070,1.0,1.5
41083,2.06,3.0
41085,4.0,0.5
41096,3.5,2.18
41100,2.06,3.0
41124,2.0,2.18
41131,2.0,2.18
41160,2.06,3.0
41165,2.06,2.5
41244,1.0,2.5
41251,2.0,1.0
41253,0.5,2.18
41267,1.5,1.5
41277,2.06,3.5
41281,1.0,1.5
41283,2.5,2.18
41303,3.0,3.5
41357,2.5,2.5
41404,2.0,1.0
41430,4.0,2.18
41433,2.06,3.5
41454,2.0,2.5
41484,4.0,3.5
41496,0.5,2.18
41517,1.0,1.0
41532,1.0,2.18
41613,3.0,4.0
41628,2.06,3.0
41636,3.0,2.18
41666,2.06,1.0
41669,2.0,2.18
41714,2.0,2.18
41719,2.06,2.0
41744,4.0,1.0
41787,3.0,2.18
41816,2.06,1.0
41818,3.0,3.5
41819,3.0,3.0
41840,4.0,2.18
41859,3.0,2.18
41877,2.0,2.0
41929,2.0,2.0
41996,2.06,1.0
42029,2.5,3.5
42032,2.0,2.18
42033,2.0,2.18
42069,2.06,2.0
42073,2.0,3.0
42077,3.0,2.18
42096,0.5,2.18
42103,2.0,3.0
42124,4.0,2.5
42141,3.0,2.18
42152,1.0,2.0
42153,3.5,5.0
42165,2.06,4.0
42204,1.5,2.0
42228,2.06,1.5
42243,1.0,1.5
42245,1.0,2.18
42252,2.06,3.5
42290,2.06,3.0
42331,2.0,2.18
42353,2.5,0.5
42366,1.5,3.0
42372,2.5,2.18
42390,2.0,1.0
42405,1.0,2.18
42449,1.0,1.0
42456,3.0,2.18
42470,2.0,2.18
42471,1.0,2.18
42491,2.5,3.5
42497,2.06,2.0
42556,2.06,3.0
42569,2.06,2.0
42593,2.06,1.5
42640,3.0,2.18
42692,2.0,2.18
42706,3.0,2.5
42722,3.5,1.5
42726,0.5,1.0
42750,2.06,2.0
42753,2.06,0.5
42784,2.06,2.0
42788,2.0,3.0
42791,2.0,2.18
42803,3.5,2.18
42871,1.0,3.0
42886,3.0,3.5
42891,2.06,1.0
42897,3.5,5.0
42898,1.0,2.18
42909,2.0,2.5
42929,3.0,4.0
42931,2.06,0.5
42933,2.06,2.0
42935,1.0,2.0
42956,1.5,2.18
43019,2.06,1.0
43023,3.0,1.0
43045,2.5,2.18
43081,2.06,2.5
43122,2.06,1.0
43188,2.5,2.18
43194,0.5,1.0
43208,0.5,1.5
43209,2.06,3.0
43217,2.06,2.0
43221,2.06,2.0
43248,2.0,2.18
43250,0.5,2.18
43263,1.0,2.18
43267,2.06,3.0
43296,0.5,2.5
43317,2.0,3.0
43331,3.0,2.0
43358,2.06,0.5
43396,2.06,2.0
43427,1.0,2.18
43432,1.0,1.0
43433,2.06,2.0
43451,2.0,2.18
43459,2.06,1.0
43463,1.5,1.0
43525,2.5,2.5
43529,3.0,4.0
43545,2.06,1.0
43547,1.5,3.5
43565,3.0,2.18
43590,2.5,3.0
43599,2.06,1.0
43618,2.06,2.0
43636,2.5,2.0
43645,0.5,2.18
43657,1.0,2.0
43661,2.06,2.5
43683,2.06,2.5
43703,3.0,3.0
43709,0.5,0.5
43756,3.0,2.18
43758,4.0,2.0
43800,2.5,2.18
43819,2.0,3.5
43820,2.0,2.18
43845,2.06,4.0
43849,3.0,2.18
43864,1.5,2.18
43883,1.0,2.18
43921,2.06,2.5
43924,3.0,2.18
43945,1.5,1.0
43974,2.0,2.18
43988,1.0,2.18
43989,2.06,1.0
44009,2.06,3.0
44038,1.0,1.0
44060,3.0,2.5
44070,3.0,3.5
44077,1.0,2.18
44122,2.06,1.5
44175,2.06,3.0
44205,3.5,2.5
44214,1.5,2.18
44226,2.0,2.0
44229,2.06,1.0
44238,1.5,2.18
44241,1.0,1.0
44296,2.06,4.0
44321,2.5,2.5
44341,2.06,4.0
44384,1.5,3.0
44386,0.5,4.0
44388,1.0,1.0
44435,2.5,1.0
44459,3.0,4.5
44481,2.06,3.0
44492,3.0,2.18
44501,3.0,3.5
44530,1.5,1.5
44531,0.5,0.5
44576,2.06,2.0
44584,0.5,2.18
44615,2.06,3.0
44652,4.0,2.5
44654,1.0,2.18
44678,2.06,1.5
44691,2.06,1.0
44762,2.06,2.0
44780,4.0,4.0
44790,2.5,3.5
44839,2.5,2.18
44843,1.5,1.0
44855,0.5,0.5
44874,2.5,3.0
44882,1.0,2.0
44952,2.06,4.0
44996,3.0,2.18
45007,3.0,2.18
45008,2.06,2.0
45015,2.06,1.5
45027,2.0,1.0
45039,2.0,1.0
45060,1.0,2.0
45064,1.5,0.5
45071,2.06,3.0
45125,2.06,1.5
45133,2.06,1.0
45159,2.06,1.0
45350,2.0,2.18
45406,1.0,2.0
45461,2.5,3.5
45493,2.06,3.0
45538,1.0,1.0
45563,2.0,1.5
45593,2.06,2.0
45604,1.0,1.0
45619,1.5,1.5
45635,2.06,3.0
45637,2.0,3.0
45644,1.0,1.0
45646,2.06,2.0
45669,1.0,2.18
45681,1.5,4.0
45709,1.5,1.5
45788,2.0,2.18
45815,1.0,1.0
45866,3.0,2.18
45874,2.5,1.0
45919,2.06,2.5
45928,2.0,1.0
45929,2.5,2.18
45950,2.06,2.5
45951,1.0,1.5
45959,1.0,2.18
45971,1.5,2.0
45977,2.0,2.18
45983,2.5,1.5
45986,2.5,2.18
45987,1.0,1.0
45989,1.0,2.18
46005,1.0,2.0
46009,0.5,2.18
46033,2.06,2.0
46072,2.06,3.0
46095,0.5,1.0
46104,3.0,1.0
46112,3.0,3.0
46211,2.0,2.18
46219,2.0,2.18
46235,3.0,3.5
46237,4.0,2.18
46281,2.5,2.18
46319,2.06,0.5
46340,2.5,3.0
46391,2.06,2.5
46396,1.5,1.5
46427,3.5,2.18
46436,2.06,4.0
46457,2.06,2.5
46464,2.5,2.5
46467,1.0,2.18
46470,3.0,3.0
46517,2.0,2.18
46545,2.5,1.0
46549,2.0,2.18
46555,2.06,2.0
46569,2.06,3.5
46577,3.5,2.18
46579,1.0,2.18
46586,2.06,2.0
46599,0.5,1.0
46628,3.0,3.0
46645,2.5,2.0
46689,0.5,0.5
46698,2.06,3.5
46769,2.06,0.5
46777,1.0,2.18
46797,3.0,2.18
46815,0.5,1.5
46820,3.0,2.5
46844,2.06,4.0
46848,3.0,2.18
46851,2.0,2.0
46929,2.5,2.5
46931,2.5,2.0
46947,2.5,2.18
46964,2.06,3.0
47053,2.06,2.5
47071,3.0,2.18
47120,2.0,1.5
47152,2.06,4.0
47154,2.06,1.0
47166,2.5,2.18
47219,2.06,0.5
47235,3.0,1.0
47293,2.0,2.18
47309,5.0,2.18
47335,3.0,2.0
47348,2.06,3.0
47409,2.06,1.0
47420,2.06,2.5
47422,4.0,2.0
47429,2.0,2.18
47439,1.0,2.18
47450,2.0,2.0
47451,1.0,2.18
47470,3.0,2.18
47476,3.0,2.18
47559,3.0,2.0
47577,3.0,4.0
47616,3.0,4.0
47629,2.5,2.0
47633,0.5,2.18
47634,2.5,3.5
47635,2.5,2.18
47638,1.0,2.18
47643,1.0,2.0
47695,2.0,2.18
47762,2.0,1.0
47860,1.5,2.0
47865,0.5,1.0
47866,2.0,2.18
47875,1.0,2.18
47890,3.0,3.5
47893,1.0,1.0
47901,3.0,2.0
47904,1.0,2.18
47931,1.0,3.5
47953,0.5,2.0
47986,2.0,2.0
48000,2.5,2.18
48025,0.5,2.5
48033,2.0,2.5
48038,0.5,2.5
48043,2.0,3.0
48062,2.5,2.18
48068,2.06,2.0
48082,1.5,1.5
48083,2.06,3.0
48134,1.5,3.0
48232,3.0,3.0
48265,2.0,2.18
48299,3.0,2.0
48325,2.06,2.5
48333,3.0,2.18
48335,1.5,2.18
48344,1.0,1.5
48345,2.06,3.0
48349,3.5,2.18
48355,2.06,3.5
48392,1.0,2.18
48405,2.06,2.5
48410,2.0,2.18
48452,2.06,2.0
48465,3.5,2.0
48498,5.0,2.18
48527,1.5,2.18
48540,1.0,1.0
48551,2.0,2.18
48565,3.0,2.18
48581,0.5,3.0
48596,1.5,1.5
48619,2.0,2.18
48644,3.0,2.0
48659,3.5,3.0
48677,3.0,2.0
48727,3.0,4.0
48736,3.0,2.18
48770,1.5,1.5
48821,1.0,2.18
48838,5.0,4.0
48845,2.06,2.0
48909,1.0,2.0
48929,3.0,3.0
48935,5.0,1.0
48944,2.0,2.5
48983,3.0,3.0
49018,2.06,3.0
49024,2.0,2.18
49075,2.5,2.18
49099,3.0,0.5
49122,1.0,2.18
49124,2.06,3.5
49129,2.06,2.0
49157,1.0,1.0
49183,2.06,1.0
49201,2.06,2.5
49204,2.0,2.18
49208,0.5,1.0
49212,2.0,2.18
49221,2.06,2.5
49222,1.0,2.18
49229,2.5,3.5
49270,0.5,0.5
49285,1.0,2.18
49321,1.5,2.18
49336,2.0,4.0
49386,1.0,2.18
49428,2.06,1.0
49490,2.06,2.5
49499,2.06,2.0
49529,2.06,1.5
49554,3.0,2.0
49731,2.0,1.0
49734,3.0,2.0
49738,2.0,3.0
49817,2.5,2.0
49824,0.5,3.0
49872,2.06,2.0
49877,2.5,2.5
49904,2.0,2.0
49989,1.0,2.18
49999,3.5,2.18
50012,2.06,1.5
50030,3.0,3.0
50041,2.5,2.0
50045,2.06,3.0
50064,1.5,2.18
50073,2.06,2.0
50115,2.06,3.5
50154,2.06,2.0
50166,2.06,3.5
50185,1.0,1.0
50192,1.5,1.0
50202,2.06,2.0
50209,1.5,2.18
50211,2.5,2.0
50213,2.0,2.18
50285,2.06,2.0
50294,1.0,2.0
50297,2.06,1.5
50341,1.0,0.5
50360,2.06,3.0
50367,3.0,2.5
50389,1.0,2.18
50401,2.5,1.5
50421,0.5,2.0
50429,2.06,2.0
50441,3.0,1.5
50488,3.0,3.0
50489,4.0,3.0
50528,2.06,2.0
50541,2.0,1.0
50567,1.5,1.0
50570,0.5,2.18
50595,0.5,1.0
50603,1.5,1.0
50678,2.0,2.0
50746,1.0,1.0
50749,2.06,3.0
50781,2.06,2.0
50788,2.0,0.5
50797,2.06,2.5
50808,2.06,0.5
50817,2.06,2.5
50821,2.06,3.0
50855,2.06,4.0
50898,2.06,2.0
50914,2.5,2.18
50926,2.0,2.18
50941,2.0,2.18
50942,2.06,3.0
50943,0.5,2.5
50973,3.0,2.5
51005,2.0,2.0
51009,2.06,3.0
51037,0.5,3.5
51075,3.0,2.0
51094,2.06,1.0
51130,2.06,3.5
51161,3.0,3.5
51213,1.0,3.0
51227,2.0,0.5
51245,2.0,1.5
51266,0.5,2.5
51294,2.0,1.0
51360,1.0,1.0
51370,2.06,3.0
51374,1.0,1.0
51410,1.0,1.0
51411,2.06,4.0
51415,1.0,2.18
51456,1.0,2.18
51480,2.06,1.5
51507,1.0,2.18
51526,3.5,4.0
51528,3.0,2.18
51542,2.06,4.0
51558,1.5,1.0
51587,2.5,2.18
51614,2.06,1.0
51616,2.5,1.5
51640,2.5,2.18
51693,0.5,0.5
51703,3.0,2.0
51710,4.0,1.0
51715,2.06,1.0
51740,2.0,2.0
51782,2.0,2.18
51830,2.0,2.5
51834,4.0,2.18
51883,2.06,2.5
51894,2.0,2.18
51943,2.0,2.18
51965,1.0,0.5
51989,5.0,4.0
51992,2.5,2.0
51993,2.0,2.18
51995,2.06,4.0
52004,2.06,4.0
52009,2.06,1.0
52011,2.06,2.0
52028,2.06,2.0
52046,4.0,2.18
52075,2.0,1.0
52106,2.0,2.5
52116,0.5,0.5
52135,2.5,1.5
52140,0.5,0.5
52221,3.0,2.0
52225,2.0,2.0
52260,2.5,3.5
52263,2.06,3.0
52272,3.0,3.0
52292,2.06,1.5
52311,2.5,2.18
52365,2.0,1.5
52374,2.06,2.0
52405,2.0,2.5
52439,2.06,2.0
52457,2.5,2.0
52512,1.5,2.0
52520,2.5,2.0
52543,1.5,1.0
52586,2.06,1.5
52595,2.06,1.5
52636,4.0,4.0
52645,4.0,4.5
52661,3.0,2.5
52685,2.5,1.0
52688,2.5,2.18
52698,1.0,2.18
52726,2.5,2.18
52732,2.06,2.5
52739,2.0,2.0
52740,1.5,2.0
52762,3.0,2.18
52795,2.5,2.5
52810,2.06,3.0
52814,3.0,2.18
52831,2.06,4.0
52860,0.5,1.0
52877,0.5,2.18
52886,3.5,3.0
52898,3.0,2.0
52922,2.0,3.0
52933,1.0,2.18
52944,2.06,2.5
52954,2.06,2.5
52963,2.06,2.0
52992,3.0,0.5
52996,1.5,2.18
53006,2.0,2.18
53017,4.0,3.5
53053,2.0,1.0
53058,3.0,2.0
53060,4.0,4.0
53113,2.5,2.18
53123,3.0,2.18
53129,1.5,2.0
53203,2.0,2.18
53231,3.0,2.5
53275,2.06,3.5
53308,3.0,2.18
53335,1.0,2.18
53346,1.0,2.18
53364,0.5,1.5
53368,1.0,2.5
53393,1.5,3.0
53407,2.06,1.0
53448,0.5,2.0
53468,2.06,3.0
53475,2.5,2.18
53501,2.06,2.0
53552,2.5,2.0
53587,1.0,2.18
53594,1.0,2.18
53605,4.0,3.0
53608,2.0,2.0
53640,1.0,2.0
53680,2.5,1.0
53693,3.0,2.18
53702,3.0,2.18
53719,2.06,4.0
53795,3.0,2.0
53799,4.0,3.0
53830,2.06,1.0
53834,2.0,2.18
53896,2.06,2.0
53902,2.06,3.5
53908,2.0,2.5
53910,1.0,2.0
53927,5.0,2.18
53930,2.0,2.18
53931,2.06,3.0
53937,2.5,1.5
53972,1.5,2.18
53998,2.06,2.0
54042,2.0,0.5
54057,2.06,2.5
54075,2.06,2.0
54095,3.0,2.18
54097,4.0,4.0
54107,2.06,2.0
54130,2.06,1.0
54134,2.06,1.0
54135,2.06,2.0
54214,3.5,1.0
54251,3.0,1.0
54255,2.06,4.0
54259,2.06,3.5
54269,2.0,1.0
54339,2.06,0.5
54447,1.5,2.0
54453,2.0,2.0
54456,2.0,3.0
54459,1.0,1.0
54465,3.0,3.5
54469,4.0,2.18
54478,1.0,2.18
54486,2.5,2.18
54494,1.0,1.0
54510,2.06,2.5
54549,3.0,3.0
54560,2.06,3.0
54592,4.0,3.0
54612,1.5,2.5
54628,2.06,2.5
54675,4.0,2.18
54703,2.06,1.0
54729,1.5,1.5
54730,2.06,2.5
54739,1.5,2.18
54745,1.0,1.0
54803,2.5,2.18
54812,2.0,2.18
54817,1.0,2.5
54819,1.5,1.5
54840,3.0,2.18
54910,2.06,0.5
54977,2.06,1.0
54978,1.0,1.0
55032,2.5,2.18
55034,2.06,4.0
55049,3.5,2.18
55069,2.06,2.5
55076,1.5,2.5
55085,3.0,2.18
55100,3.0,2.18
55122,2.06,3.0
55131,2.06,3.0
55139,2.06,1.0
55147,0.5,0.5
55219,1.0,2.18
55231,2.0,2.0
55237,1.0,2.18
55251,2.06,2.0
55261,1.0,2.18
55285,2.0,3.0
55286,2.06,3.0
55293,2.0,1.5
55297,4.0,2.0
55303,1.5,2.18
55312,1.0,2.18
55326,1.5,2.5
55328,1.0,1.0
55391,2.06,1.5
55410,2.06,0.5
55430,4.0,2.0
55479,2.0,0.5
55493,1.0,1.0
55514,2.06,1.0
55522,2.5,3.0
55556,0.5,2.18
55563,3.5,4.0
55580,2.06,3.0
55595,1.0,2.0
55651,1.5,1.5
55683,2.06,3.0
55702,2.0,2.18
55703,2.06,4.0
55722,2.06,1.0
55726,1.0,1.0
55738,2.06,2.5
55762,2.0,2.18
55765,2.0,2.0
55844,2.06,1.0
55848,3.0,2.18
55862,2.5,3.0
55903,2.06,3.0
55909,1.5,2.18
55957,1.5,1.0
56006,3.0,3.0
56063,1.5,2.18
56071,2.06,3.0
56083,3.0,2.18
56109,1.0,2.0
56120,2.0,1.5
56218,2.5,2.0
56220,1.5,2.18
56257,1.0,2.0
56270,2.06,2.0
56311,2.06,1.0
56316,2.06,2.0
56358,2.5,2.18
56394,3.5,3.0
56420,1.0,2.18
56434,3.5,2.18
56451,0.5,2.18
56472,2.06,2.0
56488,2.06,1.5
56504,0.5,1.0
56520,0.5,0.5
56521,2.5,2.0
56533,2.0,2.18
56574,1.5,2.18
56662,2.06,3.0
56687,2.06,3.0
56707,2.06,1.0
56718,2.06,3.0
56720,0.5,1.0
56733,4.0,3.0
56738,2.0,2.18
56753,2.06,1.0
56758,2.06,3.0
56790,2.06,1.5
56847,0.5,2.0
56870,1.0,0.5
56879,3.0,1.0
56883,2.06,1.0
56904,1.5,2.5
56921,0.5,3.5
56961,3.5,4.0
56977,2.06,4.0
56978,1.0,1.0
57053,2.06,3.0
57056,2.5,2.18
57176,4.0,5.0
57185,4.0,4.0
57218,3.0,2.5
57240,2.06,4.0
57244,2.06,2.0
57248,1.0,2.18
57287,2.06,2.0
57349,3.5,2.18
57355,4.0,5.0
57366,2.06,2.0
57369,0.5,2.18
57403,2.5,2.18
57406,2.0,1.0
57441,2.06,2.0
57475,3.0,3.0
57487,1.0,3.0
57491,1.5,1.0
57545,1.0,5.0
57587,2.0,1.5
57623,3.0,4.5
57626,0.5,2.18
57653,2.5,2.18
57662,2.06,2.5
57681,2.0,2.18
57708,1.0,2.18
57727,2.06,2.5
57735,1.0,1.5
57746,0.5,1.0
57756,1.0,2.18
57775,1.0,3.5
57787,5.0,2.0
57830,4.0,4.0
57849,1.0,2.0
57856,2.0,3.0
57874,2.0,1.0
57903,2.06,2.0
57924,2.06,1.0
57959,2.06,3.0
57969,2.5,2.18
57977,2.0,4.5
57990,3.0,2.0
57993,2.06,1.0
58027,2.0,3.0
58069,2.0,1.5
58088,2.06,2.5
58125,2.06,3.5
58139,3.0,3.0
58155,1.0,2.18
58166,2.06,0.5
58170,3.0,3.0
58177,2.06,2.0
58202,1.0,2.0
58265,2.5,1.0
58277,2.5,2.0
58326,0.5,0.5
58353,2.0,3.0
58359,1.5,3.0
58388,2.06,1.0
58426,1.5,2.18
58445,3.5,3.0
58451,2.06,1.0
58498,2.06,3.0
58565,2.0,4.0
58572,3.0,2.18
58614,1.0,2.18
58628,2.5,2.18
58640,3.0,2.18
58648,3.0,2.0
58650,2.0,2.18
58666,3.0,2.0
58667,3.0,1.0
58707,0.5,2.18
58730,2.5,2.5
58785,3.0,3.0
58802,2.0,3.0
58806,0.5,2.18
58812,2.06,3.0
58816,2.0,3.0
58831,0.5,1.0
58846,2.5,3.5
58855,2.06,3.0
58876,2.06,3.0
58885,2.06,2.5
58922,2.06,1.5
58953,4.0,2.5
58958,2.06,3.0
58964,2.06,3.0
58987,1.0,1.0
58995,1.5,3.0
59004,2.06,1.0
59097,2.0,2.0
59118,0.5,1.5
59149,2.06,2.0
59154,3.0,2.0
59167,2.0,2.18
59184,1.5,2.18
59197,2.06,1.0
59230,2.06,2.5
59255,3.0,2.18
59316,2.5,2.18
59332,2.0,1.0
59337,3.0,3.0
59359,3.5,2.0
59373,4.0,0.5
59407,2.06,2.0
59409,2.0,2.18
59443,3.0,2.18
59445,2.0,2.18
59457,3.0,2.18
59477,1.5,2.0
59496,2.06,3.0
59531,1.0,2.18
59538,1.5,0.5
59544,2.0,1.0
59574,2.06,3.0
59601,0.5,3.5
59658,3.0,2.18
59680,2.06,1.0
59702,0.5,2.0
59710,3.0,3.0
59726,3.0,2.18
59731,2.06,4.0
59745,2.0,3.0
59781,3.5,2.0
59794,2.0,2.18
59838,2.0,1.0
59852,2.0,2.18
59853,2.06,2.0
59858,2.5,2.18
59873,2.5,1.0
59917,2.0,2.18
59920,2.06,3.0
59923,3.0,2.5
59939,3.0,2.5
59942,2.0,2.18
59971,3.5,2.18
60005,2.5,2.18
60017,2.0,2.18
60018,2.5,2.5
60020,2.0,2.18
60027,2.06,4.0
60035,2.06,3.5
60059,2.0,2.18
60135,2.06,1.0
60159,3.0,4.0
60181,3.0,3.0
60210,1.0,2.0
60271,2.06,1.0
60321,3.0,2.0
60361,2.0,2.18
60385,2.06,0.5
60441,2.0,0.5
60444,3.5,2.0
60485,2.06,3.0
60504,2.06,2.0
60512,4.0,2.18
60533,2.06,4.0
60556,1.0,2.18
60559,2.0,1.0
60584,3.0,1.5
60593,2.06,2.0
60598,2.5,2.5
60653,2.06,3.5
60655,2.06,2.0
60666,1.0,2.18
60670,2.0,4.0
60747,2.0,2.5
60749,2.5,3.0
60755,2.0,2.18
60762,1.0,2.18
60773,0.5,2.18
60791,3.0,2.18
60805,2.06,3.0
60814,2.0,2.18
60834,3.0,2.5
60887,2.5,1.0
60911,0.5,0.5
60923,2.5,3.5
61000,2.5,1.5
61030,2.06,3.0
61049,2.0,2.5
61051,2.06,3.0
61053,3.5,3.0
61061,4.0,1.0
61062,1.0,1.0
61085,1.5,2.18
61168,2.0,2.0
61213,1.0,2.0
61258,1.5,3.0
61305,2.0,2.18
61374,0.5,2.0
61382,2.06,2.0
61394,3.0,2.18
61405,2.06,3.0
61437,4.0,2.18
61487,1.0,3.0
61493,2.06,2.0
61495,2.0,2.5
61525,1.0,3.5
61538,2.06,3.0
61552,1.5,1.0
61558,1.5,2.18
61563,2.06,1.0
61567,3.0,3.0
61610,1.0,1.0
61616,1.0,2.18
61627,0.5,0.5
61648,2.06,1.0
61656,0.5,4.0
61678,2.06,4.0
61696,0.5,3.0
61699,2.06,3.0
61728,3.0,2.18
61729,2.0,2.0
61737,2.06,3.5
61740,3.5,2.18
61752,0.5,2.18
61767,2.06,2.0
61848,2.06,3.5
61853,1.0,1.0
61897,3.0,3.0
61917,1.5,2.18
61933,1.0,2.18
61951,4.0,2.18
61991,2.06,2.0
62022,2.06,3.0
62040,2.0,0.5
62051,3.0,1.5
62089,2.0,3.0
62133,1.5,2.0
62134,2.0,2.18
62160,0.5,0.5
62189,3.0,3.0
62222,2.5,2.18
62328,2.0,2.18
62340,1.5,2.18
62345,2.0,2.0
62349,2.0,2.0
62353,2.5,0.5
62357,2.0,3.5
62362,4.0,3.0
62375,3.0,2.0
62387,2.06,2.5
62389,2.06,3.0
62430,1.5,2.5
62431,2.06,1.0
62445,0.5,2.0
62446,1.5,2.18
62454,1.0,2.18
62481,4.0,0.5
62507,2.06,1.0
62515,2.06,3.0
62579,2.5,1.5
62599,2.06,1.0
62641,2.06,1.0
62644,1.0,2.18
62705,2.06,1.0
62762,2.5,2.5
62779,2.0,1.0
62800,1.0,1.5
62805,2.0,2.18
62812,2.5,2.5
62815,2.06,3.0
62881,1.5,3.5
62888,2.06,1.0
62904,0.5,1.0
62925,2.0,2.18
62929,2.0,3.0
62946,2.0,2.18
62984,2.0,2.5
62987,2.0,3.0
63071,2.06,0.5
63078,0.5,2.18
63080,3.5,4.0
63087,2.0,2.18
63094,2.06,2.5
63123,2.06,2.0
63147,2.5,2.18
63154,1.0,2.18
63192,2.0,1.0
63200,3.5,2.18
63218,2.0,3.0
63219,3.0,2.5
63236,3.0,3.0
63244,2.06,2.5
63247,2.0,2.0
63251,2.0,2.18
63266,2.06,1.0
63284,1.5,2.18
63289,2.0,4.0
63365,2.06,2.0
63391,1.5,2.18
63417,2.06,1.0
63444,1.0,2.18
63459,1.5,2.18
63462,2.06,2.0
63494,2.5,3.5
63525,2.06,2.5
63572,2.06,2.0
63574,2.06,2.0
63580,2.06,0.5
63614,2.5,2.18
63618,2.5,2.5
63643,2.06,2.0
63658,2.06,2.0
63705,2.0,2.0
63720,1.0,2.18
63781,2.5,2.18
63799,3.0,2.18
63828,1.5,1.5
63834,3.0,3.0
63858,0.5,3.0
63861,2.0,3.0
63880,2.06,2.0
63902,2.06,1.5
63932,1.0,0.5
63999,3.0,3.0
64060,2.0,2.18
64072,2.06,1.0
64089,2.06,3.5
64135,2.06,3.0
64150,2.06,3.0
64154,1.5,2.18
64175,0.5,1.0
64191,2.06,1.5
64271,2.0,2.0
64303,2.06,2.0
64326,2.5,2.18
64378,4.0,4.5
64430,1.0,2.0
64483,2.06,2.0
64498,2.06,3.5
64533,1.5,2.18
64554,1.0,2.18
64611,3.0,2.18
64621,4.0,1.0
64667,1.5,2.18
64706,2.06,1.0
64718,0.5,0.5
64802,2.06,3.5
64843,3.0,2.0
64857,2.06,2.5
64882,1.5,0.5
64885,3.0,2.18
64896,2.5,4.0
64901,1.0,1.5
64908,3.0,2.18
64918,2.0,2.18
64928,2.06,2.5
64934,2.06,2.5
64940,2.0,2.18
64989,1.5,3.0
65033,2.0,2.18
65126,2.06,3.0
65180,1.0,2.0
65182,2.06,2.0
65189,1.5,2.0
65219,1.0,1.0
65295,1.0,0.5
65297,1.0,2.18
65304,1.0,1.0
65317,3.5,2.18
65323,2.06,2.5
65326,1.0,3.0
65331,1.0,1.5
65339,1.0,2.18
65379,5.0,2.18
65380,3.0,2.18
65409,1.0,2.18
65431,3.0,3.0
65489,2.0,2.18
65503,3.0,2.0
65529,2.0,0.5
65534,2.5,2.18
65539,0.5,3.5
65543,2.06,3.0
65568,2.5,2.18
65644,2.0,2.0
65666,0.5,1.0
65670,1.0,2.0
65694,3.0,5.0
65718,1.0,2.18
65745,4.0,2.18
65759,2.0,2.18
65766,3.0,3.0
65785,1.0,2.18
65790,0.5,2.18
65842,2.06,4.0
65852,1.0,1.0
66023,1.0,2.0
66041,3.0,2.0
66049,2.0,3.0
66060,2.06,3.0
66088,2.06,3.0
66115,2.06,1.5
66143,3.0,3.0
66174,2.0,2.18
66179,0.5,2.18
66201,1.5,1.5
66211,1.5,2.5
66226,2.5,0.5
66241,2.5,3.0
66263,3.0,2.5
66325,1.0,2.18
66338,2.06,1.5
66362,1.0,3.0
66367,1.5,2.18
66416,4.0,3.0
66427,3.0,2.18
66482,2.06,3.0
66499,0.5,1.5
66533,2.0,3.5
66544,2.06,4.0
66562,2.0,2.0
66591,2.06,3.0
66613,4.0,2.0
66617,1.0,1.0
66635,0.5,2.18
66649,3.0,2.0
66690,4.0,2.18
66719,2.0,1.0
66749,2.0,2.18
66763,1.0,1.0
66810,0.5,2.18
66819,1.0,1.0
66825,2.0,2.0
66827,2.06,2.0
66834,3.5,2.18
66836,1.5,0.5
66837,1.0,1.5
66898,1.5,2.18
66932,2.0,2.18
66952,1.5,3.0
66987,2.06,1.5
66999,2.0,2.18
67022,2.0,2.0
67043,2.06,1.5
67053,3.5,2.18
67064,1.0,2.18
67075,1.5,2.0
67077,2.06,3.0
67111,2.0,2.0
67113,3.0,2.18
67117,3.0,2.18
67134,1.0,1.0
67145,2.06,2.5
67181,1.0,2.0
67185,2.0,2.18
67252,2.0,2.0
67253,2.0,3.0
67267,2.06,0.5
67283,3.0,3.0
67303,3.0,3.0
67325,1.5,1.5
67340,3.5,3.5
67352,0.5,2.0
67387,2.0,2.5
67443,3.5,3.0
67449,3.0,2.5
67473,2.06,2.0
67477,2.06,1.0
67510,1.5,0.5
67518,3.0,2.18
67527,2.06,2.5
67546,2.0,3.0
67561,2.06,3.5
67562,1.0,1.5
67569,2.06,3.0
67602,0.5,2.0
67604,2.0,2.0
67609,2.06,2.0
67657,2.0,2.18
67658,2.0,2.18
67673,1.0,2.18
67676,2.06,2.5
67683,2.5,1.5
67687,2.0,3.5
67698,1.0,2.18
67722,2.06,1.0
67749,2.06,2.5
67776,2.06,2.0
67793,1.0,1.0
67825,2.5,2.0
67826,2.0,2.5
67830,1.0,2.18
67832,2.06,2.0
67839,2.06,3.5
67881,3.0,2.5
67898,2.06,3.0
67947,3.5,2.5
67961,1.0,1.0
67979,2.5,2.18
67985,2.0,2.18
67996,1.0,1.0
68021,2.06,2.0
68026,2.06,1.5
68055,2.06,2.0
68060,0.5,2.18
68063,1.5,2.18
68077,2.0,2.18
68161,1.0,0.5
68167,2.06,3.0
68180,2.5,3.5
68183,2.0,2.0
68189,3.0,1.0
68205,2.06,3.5
68215,1.0,1.0
68221,4.0,2.18
68233,2.0,1.0
68250,3.0,2.18
68260,2.5,2.18
68264,2.06,2.0
68293,0.5,1.5
68341,1.0,2.0
68342,3.0,2.18
68351,2.0,2.0
68355,2.0,2.18
68358,2.0,2.18
68365,0.5,2.18
68367,1.0,1.0
68442,3.5,3.5
68457,4.0,2.18
68485,2.0,2.0
68497,2.06,3.0
68501,2.06,1.0
68507,2.0,3.0
68526,3.5,1.5
68558,3.0,3.0
68575,1.0,2.18
68617,0.5,2.18
68648,2.0,2.18
68710,3.0,2.5
68717,2.06,2.0
68730,1.0,2.18
68744,2.06,3.0
68759,1.5,3.5
68762,2.06,3.0
68770,2.06,1.0
68796,2.0,3.0
68803,2.0,4.0
68851,1.0,2.18
68869,2.06,2.0
68892,3.5,3.0
68908,2.06,4.0
68913,2.06,3.0
68961,2.5,2.18
68980,1.0,1.0
69036,2.0,2.5
69080,3.0,4.0
69145,2.06,1.5
69148,3.5,2.18
69212,3.0,2.5
69219,3.0,3.0
69236,2.0,2.18
69254,2.0,3.0
69262,1.0,2.18
69290,2.06,3.0
69291,2.5,2.18
69304,3.0,2.18
69375,1.0,0.5
69378,3.0,2.5
69426,0.5,2.18
69452,2.0,2.18
69473,3.5,4.0
69481,2.0,2.5
69482,1.0,2.18
69494,2.06,3.5
69496,1.0,1.5
69520,2.06,1.0
69538,3.0,2.0
69561,1.5,2.18
69577,3.0,3.0
69582,1.5,1.0
69596,2.5,2.18
69613,2.5,2.18
69645,2.0,2.18
69649,1.0,2.18
69654,1.0,2.18
69662,0.5,2.0
69664,2.5,2.18
69683,2.0,1.0
69684,2.06,0.5
69699,1.5,1.0
69702,3.0,3.0
69726,2.5,3.5
69753,2.0,2.0
69762,3.0,2.18
69771,5.0,2.18
69793,3.0,3.5
69820,5.0,3.0
69829,1.0,3.0
69850,2.06,1.0
69894,2.0,2.18
69916,3.0,4.0
69934,2.0,2.18
69946,1.5,2.18
69962,1.5,2.18
69969,1.0,2.18
70025,1.0,2.0
70035,2.5,2.18
70047,1.0,2.18
70048,2.06,2.0
70068,4.0,2.18
70118,4.0,2.18
70141,0.5,0.5
70143,2.06,3.0
70159,1.0,2.18
70174,2.0,2.18
70201,3.0,2.18
70213,1.0,2.18
70243,1.0,2.0
70260,3.0,3.0
70279,2.06,2.0
70282,2.06,2.0
70303,1.0,1.0
70324,3.0,2.18
70342,3.0,2.0
70350,2.0,2.5
70379,0.5,0.5
70386,2.06,3.0
70391,3.0,1.5
70422,2.0,2.18
70446,1.0,2.18
70544,1.5,2.18
70552,1.0,2.18
70570,3.0,2.18
70576,2.0,1.0
70684,3.0,4.0
70701,1.5,2.18
70721,2.0,2.0
70736,2.06,4.0
70740,3.0,1.0
70752,2.0,2.5
70770,1.0,1.5
70816,0.5,0.5
70837,3.0,2.18
70854,3.0,3.0
70871,3.0,2.18
70883,0.5,2.5
70887,2.5,3.5
70889,3.0,3.5
70918,2.06,1.5
70936,2.06,1.0
70940,3.0,3.0
70962,1.5,2.0
70964,2.0,4.0
70992,3.5,2.0
71001,2.06,1.0
71010,2.0,3.5
71036,1.0,1.0
71055,2.5,2.18
71116,2.0,2.18
71121,2.5,2.18
71127,1.5,1.5
71138,2.0,2.0
71170,1.5,2.18
71181,1.5,1.5
71188,2.06,3.5
71189,2.0,3.0
71236,2.06,1.0
71245,2.0,1.5
71264,1.0,2.5
71287,2.06,4.5
71300,1.5,3.0
71315,3.0,2.0
71357,2.06,1.5
71431,2.06,3.0
71436,1.0,2.18
71444,2.0,2.18
71458,2.06,2.5
71467,2.06,2.5
71480,2.5,2.5
71526,3.0,2.0
71571,2.0,1.0
71605,3.5,2.18
71653,0.5,1.5
71658,1.0,2.18
71671,2.0,3.0
71680,1.0,2.18
71683,4.0,4.0
71686,2.06,3.0
71697,1.0,2.18
71743,2.06,1.0
71755,1.0,2.18
71774,1.0,3.0
71781,2.0,2.18
71789,2.06,2.5
71791,3.5,3.0
71801,3.0,2.18
71804,3.0,2.18
71825,1.0,2.18
71844,0.5,2.18
71928,3.0,2.0
71932,2.06,1.5
71936,2.06,4.0
71970,2.0,2.18
71975,0.5,2.0
71992,2.06,3.0
71995,2.0,2.18
72008,1.0,5.0
72027,2.06,1.0
72036,3.0,2.18
72073,1.0,2.0
72102,1.0,2.18
72146,2.06,3.0
72150,1.5,2.0
72202,2.06,2.0
72232,2.0,2.5
72237,2.5,3.0
72266,1.0,1.0
72276,2.5,1.5
72280,2.5,1.5
72293,2.0,1.0
72333,2.0,3.0
72368,2.06,2.0
72401,3.5,1.0
72420,2.06,2.0
72421,0.5,2.5
72441,3.5,2.18
72452,1.0,3.0
72465,2.0,2.0
72482,2.06,2.0
72496,2.06,1.0
72517,0.5,0.5
72555,3.5,2.18
72566,2.0,2.18
72583,3.0,3.0
72596,3.0,2.18
72624,3.0,1.0
72715,1.5,2.18
72722,2.0,1.5
72734,0.5,2.18
72766,2.06,1.5
72800,3.0,3.0
72801,1.0,2.18
72827,1.5,2.0
72834,3.5,3.5
72838,2.0,1.5
72843,2.5,2.18
72910,2.0,2.18
72929,2.06,2.0
72936,2.0,2.18
72947,1.0,2.0
72983,1.5,2.5
72992,1.0,1.0
72998,2.0,2.18
73004,4.0,2.18
73026,2.0,2.18
73068,2.06,3.0
73074,2.0,1.0
73140,2.5,3.0
73174,4.0,4.0
73187,2.06,2.0
73198,1.0,2.18
73213,2.06,2.0
73229,2.06,1.0
73268,3.0,2.18
73293,0.5,0.5
73303,2.0,1.0
73348,1.0,2.0
73364,3.0,2.0
73383,2.5,2.18
73393,2.06,2.0
73418,3.0,2.0
73441,2.06,2.0
73463,1.0,2.0
73470,3.0,1.5
73477,2.06,2.0
73481,3.0,3.0
73498,2.0,2.18
73565,2.06,3.5
73589,0.5,1.5
73607,1.5,0.5
73611,0.5,1.5
73671,3.0,2.0
73672,2.06,2.0
73676,2.0,2.18
73733,2.06,1.0
73750,1.0,2.18
73752,1.0,2.18
73757,3.0,2.18
73787,2.0,2.0
73803,2.06,3.0
73848,3.0,3.0
73853,2.06,1.0
73882,1.0,2.18
73888,4.0,2.18
73940,1.5,0.5
73948,2.0,2.18
74021,1.0,1.0
74028,2.06,2.0
74036,1.0,2.0
74054,2.0,3.0
74098,2.06,3.0
74100,2.06,1.0
74102,1.5,2.5
74113,2.06,3.0
74114,1.0,2.18
74115,1.0,1.0
74132,4.0,1.0
74136,0.5,2.5
74140,3.0,3.0
74142,0.5,1.0
74175,1.0,2.18
74208,2.06,2.0
74222,0.5,2.0
74241,1.0,2.18
74245,2.06,3.5
74272,2.06,2.5
74289,0.5,2.0
74336,4.0,3.5
74345,2.0,3.0
74348,2.06,2.0
74356,2.06,2.5
74401,2.5,2.0
74403,1.0,2.18
74404,2.0,2.18
74449,3.0,2.18
74455,2.06,1.0
74482,1.0,1.0
74492,3.5,2.18
74539,2.06,2.0
74546,1.5,2.18
74586,3.0,2.18
74628,4.0,4.0
74630,2.06,2.5
74633,2.06,3.0
74654,0.5,2.0
74702,2.0,2.18
74705,2.06,3.0
74716,2.0,2.5
74730,2.06,2.5
74737,3.5,3.0
74753,2.0,4.0
74758,0.5,3.5
74814,2.06,2.0
74820,1.0,1.0
74846,3.0,2.18
74853,3.0,2.18
74879,2.06,1.0
74884,2.0,2.18
74937,2.06,0.5
74955,0.5,2.18
74962,1.5,1.5
74966,2.5,3.5
74967,1.0,1.0
74999,2.06,1.0
75012,2.06,1.5
75034,2.06,3.5
75079,3.0,3.0
75105,2.0,2.18
75108,2.0,1.0
75113,2.06,4.0
75141,1.0,2.18
75153,3.5,3.0
75173,0.5,2.18
75210,2.06,3.5
75250,2.0,2.18
75270,2.0,2.0
75299,2.0,1.0
75332,1.5,1.5
75357,2.06,3.0
75368,5.0,3.0
75375,4.0,4.0
75447,1.0,2.18
75448,2.0,1.0
75469,0.5,1.0
75472,2.0,2.0
75506,3.0,4.0
75559,2.5,3.0
75572,5.0,0.5
75573,2.5,2.5
75580,2.06,3.0
75618,2.06,1.0
75623,2.0,2.18
75654,2.06,1.0
75673,2.06,3.0
75678,3.0,2.18
75727,2.06,1.0
75731,2.06,2.5
75749,4.0,3.5
75765,2.0,2.18
75779,2.06,2.0
75810,1.5,1.0
75839,1.0,2.18
75843,2.06,2.0
75855,1.0,2.18
75856,2.06,3.0
75880,2.0,2.18
75897,2.5,3.0
75935,2.06,1.0
75936,1.0,2.18
75941,3.5,2.18
75948,3.5,2.0
75957,4.0,4.0
75962,3.0,1.0
75993,2.06,3.0
76008,2.06,3.5
76024,1.0,0.5
76030,2.06,1.0
76063,2.06,3.0
76069,4.0,2.18
76086,1.0,1.5
76104,1.0,1.0
76107,2.06,2.0
76118,2.5,3.5
76141,3.0,2.5
76155,2.5,3.0
76213,1.0,2.18
76214,2.06,1.0
76227,5.0,3.0
76292,2.5,1.0
76300,2.0,1.0
76307,2.0,2.0
76326,1.0,2.18
76352,2.06,2.0
76374,1.5,2.18
76383,1.0,2.18
76384,1.0,1.0
76387,2.5,1.5
76420,3.0,3.0
76437,3.5,4.5
76440,2.06,1.0
76446,2.06,2.0
76465,3.0,2.0
76486,2.06,2.5
76536,2.06,1.5
76540,2.06,1.5
76542,4.0,2.18
76561,2.0,2.18
76625,2.06,2.5
76630,1.5,1.5
76651,2.0,1.5
76697,1.0,2.18
76737,3.0,2.0
76741,1.0,2.0
76743,1.0,2.18
76751,2.5,2.5
76789,4.0,2.18
76816,3.0,2.0
76842,2.5,2.0
76871,2.0,2.18
76874,2.5,2.18
76879,2.5,2.18
76948,2.06,3.5
76959,0.5,2.0
76987,4.0,4.0
76992,2.06,1.5
77002,2.06,1.0
77006,2.06,3.5
77007,1.5,1.5
77018,2.5,2.18
77035,2.0,3.0
77058,2.5,2.18
77074,2.0,1.0
77090,1.5,1.5
77094,2.0,1.0
77102,0.5,2.18
77142,3.0,2.18
77156,0.5,2.18
77159,2.0,3.5
77191,1.0,4.0
77200,2.06,1.0
77228,3.5,3.5
77235,2.06,3.0
77246,2.5,3.0
77247,3.5,2.5
77262,2.06,1.0
77354,0.5,2.18
77385,2.0,2.5
77423,3.0,4.0
77451,1.0,2.18
77452,0.5,1.0
77457,2.06,0.5
77485,3.0,2.18
77491,2.06,2.0
77512,3.5,4.0
77518,2.06,3.0
77525,3.0,2.18
77534,2.06,1.5
77543,1.0,2.18
77560,2.0,1.0
77563,2.06,1.0
77584,0.5,0.5
77589,2.5,1.5
77657,3.0,2.18
77661,1.0,2.18
77695,2.0,1.0
77696,3.0,2.0
77776,3.0,3.0
77816,3.0,1.5
77884,1.5,2.0
77892,1.0,0.5
77948,1.5,2.18
77954,2.0,2.18
77963,2.06,3.0
77968,2.0,2.18
77999,0.5,2.0
78055,2.0,2.18
78057,1.0,2.18
78083,3.0,2.0
78087,1.0,2.18
78104,1.0,0.5
78106,1.5,3.0
78137,2.06,3.0
78141,3.0,2.18
78160,2.06,1.0
78229,2.0,2.18
78253,3.0,2.18
78279,3.0,2.0
78297,3.0,2.18
78305,1.0,1.0
78308,2.06,1.5
78317,2.06,2.0
78340,2.0,2.18
78356,1.0,2.5
78392,1.0,2.18
78411,2.06,4.0
78424,2.06,1.0
78437,2.5,2.0
78446,2.5,2.18
78451,2.5,3.5
78453,4.0,4.0
78462,1.5,4.0
78472,1.5,3.0
78473,2.06,1.0
78483,1.5,3.0
78484,2.06,2.5
78487,3.0,3.5
78530,2.5,2.5
78564,2.5,2.0
78586,2.0,2.18
78602,1.0,2.18
78643,2.06,3.5
78644,2.0,2.0
78675,3.0,2.18
78681,1.5,1.5
78717,2.06,0.5
78728,3.0,2.18
78736,2.06,1.0
78740,2.0,0.5
78770,2.0,2.18
78802,2.0,2.18
78806,2.5,3.0
78882,2.06,2.0
78884,2.0,4.0
78954,2.06,3.0
78956,0.5,2.18
78957,3.5,3.0
78981,2.06,2.0
79011,3.0,1.0
79037,1.0,1.0
79066,1.0,2.18
79159,1.0,1.0
79165,1.0,2.18
79178,2.0,2.18
79208,3.0,3.0
79279,2.06,5.0
79292,0.5,1.0
79317,2.0,3.0
79333,1.0,2.5
79353,2.06,1.0
79357,2.0,4.0
79366,3.0,2.18
79367,3.5,2.0
79401,0.5,3.5
79437,2.5,2.18
79447,2.06,1.5
79454,1.0,1.0
79460,2.06,2.0
79497,3.5,2.0
79499,2.0,2.18
79531,2.0,1.0
79545,5.0,2.5
79570,2.06,4.0
79601,3.0,2.0
79624,2.06,1.0
79643,1.0,2.18
79662,3.0,2.0
79700,2.06,2.5
79703,3.0,3.0
79734,2.06,2.0
79768,1.0,1.5
79773,1.0,2.18
79780,2.06,3.5
79833,2.0,2.18
79877,2.06,1.0
79902,4.0,3.5
79927,1.5,2.18
79928,1.5,1.0
79955,2.06,1.5
79960,1.0,3.0
79967,1.0,2.18
80006,2.06,2.0
80034,2.0,1.5
80064,4.0,3.5
80088,2.06,2.0
80092,2.06,2.0
80095,2.06,1.0
80099,1.0,3.0
80127,1.5,1.5
80141,3.0,3.0
80185,1.0,1.0
80207,1.5,1.5
80243,2.06,2.0
80260,3.0,4.0
80285,2.06,2.5
80337,2.06,2.0
80361,3.0,2.18
80378,0.5,2.18
80391,2.06,3.0
80403,2.06,2.5
80414,3.0,2.0
80476,1.0,1.0
80479,2.06,3.5
80494,3.0,3.0
80501,2.06,2.0
80539,1.5,2.18
80542,2.5,2.18
80561,1.0,1.0
80572,2.06,2.5
80630,1.0,1.0
80655,4.0,2.18
80681,2.0,2.18
80712,3.5,2.18
80746,1.0,1.0
80760,2.06,2.0
80771,0.5,1.5
80824,0.5,2.18
80844,1.5,1.5
80864,1.5,2.5
80879,3.0,2.18
80886,1.0,2.18
80909,1.0,2.18
80919,3.0,2.0
80920,1.0,2.18
80941,2.0,2.18
80949,2.0,2.18
80951,2.5,3.0
80987,3.0,1.0
80989,3.0,1.0
81000,2.5,3.0
81057,1.5,2.0
81120,2.06,2.5
81182,2.06,2.0
81200,2.0,2.18
81207,1.0,2.18
81212,2.5,2.5
81259,3.0,2.18
81263,2.06,1.0
81267,2.5,3.0
81293,0.5,2.18
81325,3.0,2.18
81331,2.0,3.0
81338,0.5,2.18
81341,3.0,3.5
81343,0.5,2.18
81360,2.5,1.0
81380,1.0,1.5
81396,2.06,3.0
81413,3.0,3.0
81462,0.5,2.18
81474,2.0,2.18
81487,2.06,1.0
81493,2.06,2.0
81507,3.0,2.18
81523,3.0,3.0
81528,3.0,3.0
81569,3.0,2.18
81583,1.5,3.0
81593,3.0,3.0
81607,2.06,1.0
81630,2.5,2.18
81643,3.5,2.18
81648,2.06,3.5
81653,2.0,2.18
81694,3.0,1.0
81695,2.0,4.0
81701,3.5,3.0
81706,2.0,1.5
81718,1.5,2.18
81723,2.0,2.18
81725,2.5,0.5
81739,3.0,2.0
81740,2.06,3.0
81773,2.06,3.5
81811,3.0,3.0
81840,2.06,1.0
81878,3.0,2.18
81901,2.06,2.5
81908,1.0,3.0
81958,3.0,3.5
81970,2.06,0.5
82008,2.06,1.0
82022,2.06,0.5
82025,2.0,2.18
82034,0.5,2.18
82062,2.5,3.0
82082,1.0,2.18
82104,1.5,1.5
82134,3.0,2.5
82148,2.06,3.0
82174,4.5,2.0
82220,2.06,1.5
82253,3.0,2.18
82262,2.0,2.18
82319,3.0,2.18
82323,3.5,2.5
82337,3.0,2.18
82340,2.06,2.0
82417,2.0,2.0
82418,1.0,1.0
82434,1.5,2.18
82502,2.06,2.0
82514,3.0,3.5
82518,4.0,4.0
82585,2.06,3.0
82608,1.5,4.0
82633,1.0,2.5
82635,3.5,2.5
82660,3.0,2.18
82668,0.5,2.18
82681,1.0,2.18
82712,2.06,3.0
82714,3.0,2.18
82721,2.0,2.5
82725,2.06,3.0
82739,1.5,0.5
82764,1.0,1.5
82770,2.0,2.18
82788,2.5,2.5
82801,2.06,3.5
82803,1.5,2.18
82807,3.0,2.0
82839,2.5,2.18
82853,2.06,1.0
82858,2.06,2.0
82860,1.0,2.0
82867,1.0,1.0
82880,2.06,2.0
82901,1.0,2.18
82908,0.5,2.0
82909,2.06,3.5
82922,3.0,2.18
82927,2.5,3.5
82968,2.06,1.5
82981,2.06,1.5
82992,1.0,0.5
83019,2.06,2.0
83063,1.0,2.18
83081,3.0,1.5
83090,2.0,3.0
83105,1.5,2.18
83120,2.0,2.18
83151,2.06,1.0
83164,2.06,2.5
83202,0.5,2.0
83214,2.5,2.18
83224,2.0,2.5
83251,1.0,2.0
83273,2.06,2.0
83275,2.0,1.5
83305,3.5,3.0
83313,4.0,4.5
83322,1.0,2.18
83331,2.0,2.18
83334,2.5,1.0
83343,3.0,2.0
83382,3.0,2.18
83387,2.0,2.18
83482,3.5,1.0
83497,2.5,2.18
83505,3.0,2.18
83507,3.5,2.18
83509,3.0,2.18
83529,2.0,3.0
83567,1.0,1.0
83624,4.0,2.0
83672,2.0,2.5
83711,3.0,2.18
83726,2.06,3.0
83752,1.0,3.0
83760,2.0,1.0
83822,2.06,2.0
83823,1.5,3.0
83882,0.5,2.0
83891,2.06,0.5
83923,0.5,1.5
83947,2.06,1.5
83949,2.0,1.0
83959,1.0,0.5
83964,2.0,3.0
83968,2.0,2.18
83970,0.5,2.18
83972,0.5,0.5
83982,2.06,3.0
83988,3.0,3.0
84036,3.5,4.0
84086,2.06,3.5
84108,2.06,2.0
84111,1.0,2.0
84115,3.0,1.0
84151,2.06,3.0
84220,2.06,3.0
84222,3.0,2.0
84249,1.0,2.18
84269,2.0,2.18
84288,2.0,1.0
84302,2.5,2.5
84325,2.06,1.0
84335,2.5,2.0
84374,2.0,1.5
84379,2.5,2.18
84390,2.0,2.5
84396,1.0,1.5
84397,2.06,3.5
84404,3.0,2.18
84420,2.0,2.18
84426,1.0,2.18
84434,2.06,3.0
84441,2.0,2.18
84476,0.5,2.18
84480,1.5,3.0
84510,3.0,2.18
84558,2.06,1.5
84581,2.06,4.0
84608,2.5,2.18
84625,2.0,2.18
84711,4.0,3.0
84714,1.0,2.18
84716,2.06,3.0
84742,1.0,2.18
84743,2.06,3.0
84752,2.0,2.0
84770,1.5,1.0
84785,2.06,2.0
84802,2.0,2.0
84806,2.06,0.5
84823,2.5,1.0
84849,2.06,1.0
84923,4.0,3.0
84948,3.0,2.18
84958,2.0,2.18
84962,1.0,2.0
84965,4.0,2.18
85033,1.0,3.0
85034,0.5,2.18
85065,2.06,4.0
85079,2.06,3.5
85095,2.06,2.5
85107,4.0,2.18
85155,0.5,2.0
85180,2.0,2.18
85181,2.06,2.0
85190,2.0,2.18
85248,2.0,2.0
85303,2.5,2.18
85335,3.0,2.18
85363,3.5,2.18
85386,1.0,2.0
85389,2.0,2.0
85409,1.0,2.5
85432,2.06,3.0
85495,2.0,2.0
85515,3.5,2.18
85523,2.06,2.0
85527,2.06,3.0
85544,3.0,5.0
85554,0.5,2.18
85558,3.0,2.5
85560,3.0,2.5
85562,1.0,3.0
85573,2.0,3.0
85581,2.5,1.0
85584,1.0,2.18
85620,4.0,2.18
85623,2.06,1.0
85640,2.06,3.0
85654,2.0,2.0
85662,2.0,2.18
85722,2.06,1.0
85731,2.06,1.5
85797,3.5,2.18
85804,2.5,2.18
85874,2.06,1.0
85888,2.06,2.0
85893,2.5,2.5
85908,2.5,1.0
85918,3.0,3.0
85926,1.0,1.0
85966,2.06,1.0
85986,1.0,1.5
85987,2.06,2.5
86025,2.0,2.18
86032,2.06,2.0
86035,1.5,2.5
86040,1.0,2.18
86066,1.5,2.0
86079,3.0,3.5
86094,1.0,2.18
86099,2.06,2.5
86175,1.5,2.18
86214,3.0,2.18
86235,3.0,4.0
86275,2.0,3.0
86301,3.5,3.0
86360,2.06,3.0
86393,2.0,2.0
86410,1.5,2.18
86431,0.5,2.18
86444,1.5,2.18
86456,2.06,1.0
86529,1.0,2.18
86585,1.5,1.5
86633,1.0,1.5
86638,4.0,2.0
86646,3.0,2.0
86651,4.0,4.0
86676,3.5,4.0
86687,2.0,1.0
86719,0.5,2.0
86722,1.5,0.5
86729,2.06,0.5
86741,3.0,2.0
86749,2.06,0.5
86754,1.0,1.0
86761,0.5,2.18
86768,0.5,1.0
86780,2.0,2.0
86785,2.0,2.18
86811,3.0,2.18
86824,2.0,1.0
86838,2.0,1.0
86839,3.0,2.0
86861,2.06,2.5
86912,2.0,2.18
86913,1.0,2.18
86935,3.0,2.18
86949,2.06,2.5
86999,3.0,2.18
87002,2.06,2.5
87024,1.5,1.5
87029,2.5,2.0
87057,2.0,1.0
87079,1.0,3.0
87094,2.5,2.5
87135,1.0,1.0
87143,2.06,3.5
87164,1.0,2.0
87185,2.06,3.0
87204,2.06,1.0
87267,3.0,3.5
87283,2.06,2.0
87287,2.06,1.5
87294,2.5,2.0
87301,2.06,4.0
87321,2.0,3.0
87367,5.0,2.18
87383,2.06,3.0
87395,1.0,1.0
87398,3.0,2.18
87406,1.0,2.18
87416,2.06,1.0
87428,1.0,2.0
87441,2.06,2.0
87475,2.06,1.0
87485,1.5,2.0
87506,3.0,3.0
87514,2.0,4.0
87537,2.06,2.0
87615,2.5,2.18
87619,2.06,2.0
87673,3.0,2.5
87679,2.0,1.0
87690,4.0,3.0
87694,3.5,3.5
87703,2.0,2.18
87717,2.06,1.5
87718,1.0,2.5
87746,1.0,2.0
87797,3.0,1.5
87834,2.06,4.0
87846,2.0,2.0
87856,2.0,2.18
87857,1.0,2.0
87882,3.0,2.18
87908,2.0,2.18
87954,5.0,4.0
87970,2.0,1.0
87992,2.06,3.0
87999,2.0,2.5
88015,2.0,2.18
88024,1.5,2.0
88027,2.0,2.0
88032,0.5,0.5
88044,2.06,3.5
88049,4.0,4.5
88106,1.0,2.18
88164,3.0,2.18
88173,3.5,1.0
88176,2.06,1.0
88228,3.0,2.0
88247,2.0,2.18
88267,3.5,2.5
88300,4.0,2.5
88312,1.0,2.18
88363,3.0,2.18
88371,2.06,1.0
88383,3.5,3.5
88394,1.5,2.0
88400,3.0,2.18
88442,1.0,2.18
88445,3.0,3.0
88463,0.5,0.5
88481,2.5,1.0
88482,2.06,2.0
88488,3.0,3.0
88525,2.0,2.5
88527,1.0,1.0
88536,2.0,1.0
88549,2.0,2.18
88561,1.0,0.5
88587,2.06,3.0
88598,2.5,1.5
88604,2.0,2.0
88641,2.06,0.5
88654,5.0,1.0
88667,2.0,2.18
88738,1.0,2.18
88739,2.06,4.0
88773,3.0,3.0
88785,2.06,2.0
88795,3.0,2.0
88798,2.06,3.5
88803,1.0,2.5
88804,2.0,2.18
88812,3.0,2.18
88817,1.0,2.18
88820,2.0,2.0
88821,1.5,2.18
88832,2.06,1.5
88833,2.06,1.0
88851,2.0,3.0
88858,2.0,3.0
88870,0.5,3.0
88939,2.06,0.5
88955,2.06,3.0
88956,2.06,1.0
88983,3.0,4.0
89046,2.5,2.18
89049,3.0,2.18
89080,2.06,3.5
89081,3.5,3.0
89088,2.06,2.0
89096,1.0,2.18
89105,2.5,2.18
89125,0.5,3.5
89128,2.06,2.5
89141,2.0,2.18
89195,2.06,3.0
89209,2.06,2.0
89227,1.0,0.5
89242,2.06,3.5
89262,2.0,2.0
89307,2.5,1.5
89312,2.06,3.0
89330,2.06,4.5
89331,2.5,2.5
89392,2.0,2.18
89394,2.0,1.5
89402,0.5,2.0
89406,2.5,2.5
89437,4.0,2.18
89442,2.06,1.5
89446,1.0,2.18
89454,2.0,3.0
89458,1.0,2.18
89459,2.06,3.0
89504,2.0,2.0
89567,2.06,2.0
89598,2.06,1.5
89675,2.06,1.0
89703,3.5,3.0
89718,3.0,2.18
89722,3.5,2.18
89791,4.0,3.0
89795,2.5,2.5
89799,2.0,2.0
89812,2.06,2.5
89836,1.0,2.18
89869,2.5,2.18
89877,2.06,2.5
89891,2.06,2.0
89896,1.5,2.18
90009,1.0,2.18
90022,1.0,2.0
90078,2.06,2.0
90093,2.06,2.0
90138,1.5,2.5
90143,2.06,3.0
90186,3.0,4.5
90191,2.06,4.0
90208,2.06,4.0
90242,2.5,3.5
90272,2.0,2.18
90299,0.5,1.5
90312,2.06,1.0
90381,1.0,0.5
90422,1.0,1.0
90500,2.0,1.5
90514,2.5,2.18
90515,2.0,2.18
90516,0.5,1.5
90525,4.0,1.0
90530,2.06,1.0
90542,2.06,3.5
90552,1.0,2.18
90583,3.0,2.18
90599,1.0,3.0
90638,2.5,0.5
90652,2.06,4.0
90680,2.0,2.18
90709,2.06,2.0
90730,3.0,3.5
90754,2.06,3.0
90757,3.0,2.18
90780,2.06,1.0
90839,2.06,2.0
90850,2.0,2.18
90862,2.5,3.0
90878,2.06,2.5
90919,2.06,3.0
90921,2.06,2.5
90938,1.0,2.5
90963,3.0,2.18
91014,2.0,2.18
91020,2.5,3.0
91051,3.0,2.18
91067,1.5,2.18
91070,1.0,1.0
91080,3.5,2.18
91096,1.0,3.0
91120,0.5,2.18
91172,2.0,2.18
91185,0.5,2.18
91186,1.0,2.18
91191,2.06,2.0
91200,1.5,2.0
91217,1.0,1.0
91231,2.0,3.0
91238,1.5,2.5
91276,1.0,2.18
91300,2.06,3.0
91356,2.06,2.5
91378,1.0,2.18
91484,2.06,3.0
91521,2.5,2.5
91559,2.0,2.18
91583,2.06,2.0
91598,3.0,3.0
91621,3.5,2.18
91626,3.0,2.18
91631,0.5,1.5
91643,3.0,2.5
91668,2.0,1.0
91712,2.0,2.18
91740,2.06,2.0
91746,3.0,2.5
91748,4.0,4.0
91774,1.0,3.0
91793,1.0,2.18
91795,2.06,4.0
91867,2.06,2.0
91893,1.5,1.5
91903,2.0,2.18
91904,1.0,2.18
91948,0.5,0.5
91954,1.0,2.18
91969,1.5,2.18
92011,3.0,3.0
92021,2.06,1.0
92026,2.06,2.0
92104,2.06,2.0
92108,2.5,3.0
92190,2.0,0.5
92194,2.0,2.18
92251,2.06,1.0
92259,1.0,2.18
92260,3.0,2.5
92269,0.5,0.5
92319,2.06,2.0
92325,2.06,2.0
92354,2.06,3.0
92360,2.5,2.5
92362,0.5,2.0
92366,3.0,3.0
92414,2.06,2.0
92422,2.06,4.0
92455,1.0,1.0
92470,3.0,1.0
92472,0.5,0.5
92481,1.5,1.5
92493,1.0,2.0
92499,3.0,2.18
92516,3.0,2.5
92525,3.0,2.5
92528,2.06,2.0
92561,1.0,1.0
92584,2.06,3.0
92613,2.5,1.5
92616,1.0,4.0
92636,1.5,1.5
92637,2.0,4.0
92680,2.06,2.5
92693,2.06,3.0
92706,2.06,1.0
92714,3.0,3.0
92715,2.0,2.18
92726,2.06,2.5
92765,2.06,3.5
92781,5.0,2.18
92825,3.0,3.0
92849,3.0,1.0
92875,2.5,2.18
92893,2.06,2.0
92918,3.0,4.0
92919,3.0,3.0
92924,1.0,2.18
92928,3.0,3.5
92952,2.06,3.0
92956,1.0,1.0
92960,1.5,2.0
92980,1.5,2.5
93018,1.0,2.18
93024,3.0,2.18
93072,1.0,3.0
93102,3.5,3.0
93110,0.5,2.18
93140,3.0,4.0
93149,2.06,2.5
93152,2.06,3.0
93177,0.5,2.18
93219,1.0,1.0
93227,1.0,3.0
93234,1.0,1.0
93316,2.5,2.18
93356,2.06,2.0
93359,1.0,2.5
93365,1.0,2.18
93386,2.06,2.0
93387,1.0,3.0
93431,3.0,2.18
93479,3.0,2.18
93484,2.06,2.0
93528,2.06,4.0
93547,1.5,2.0
93555,1.5,2.0
93580,2.06,3.0
93595,3.5,3.0
93669,1.0,0.5
93670,2.5,2.5
93678,1.5,2.18
93691,1.0,1.0
93705,3.0,2.5
93710,2.0,2.5
93749,2.06,1.0
93755,3.5,4.0
93762,2.5,2.18
93770,2.06,2.0
93776,2.06,0.5
93789,0.5,2.18
93831,3.5,2.5
93851,2.06,0.5
93853,2.06,3.0
93886,2.06,1.5
93920,2.0,2.18
93925,2.06,2.5
93977,1.0,3.0
94013,2.0,3.0
94026,1.5,1.0
94036,2.06,1.0
94037,1.0,2.18
94067,2.06,2.0
94070,2.06,1.0
94080,2.06,0.5
94106,0.5,0.5
94150,1.0,3.0
94175,2.06,2.0
94256,1.5,2.5
94259,1.0,3.0
94278,2.5,3.0
94296,2.06,2.0
94297,1.5,2.18
94315,2.06,3.5
94325,3.0,2.18
94331,2.06,2.0
94344,2.06,3.0
94377,3.5,3.0
94379,2.0,1.0
94386,3.0,2.0
94398,2.06,2.0
94446,3.0,2.0
94449,1.0,1.0
94464,3.0,3.0
94516,2.5,2.18
94520,2.06,2.0
94541,2.0,1.0
94595,1.0,2.18
94629,2.0,2.0
94635,3.0,4.0
94652,2.06,1.5
94654,2.06,1.0
94685,3.5,2.18
94712,2.06,3.0
94767,2.0,3.0
94768,2.06,2.0
94773,1.0,2.18
94823,2.06,2.0
94827,2.06,3.5
94855,2.5,2.0
94863,2.0,2.18
94880,2.06,2.0
94890,2.06,4.0
94920,3.0,3.0
94962,2.5,2.18
94976,3.0,0.5
94993,2.06,1.0
94999,2.06,1.5
95010,1.0,1.0
95028,2.06,3.0
95037,2.06,2.0
95067,3.5,2.18
95149,3.0,1.0
95167,1.0,2.18
95181,2.0,2.18
95216,1.0,2.5
95238,2.5,0.5
95239,1.0,2.18
95254,2.0,2.0
95262,2.06,3.0
95279,2.0,2.18
95301,1.5,2.18
95327,0.5,1.0
95335,2.06,3.0
95336,2.0,2.18
95339,1.5,1.0
95367,1.0,2.18
95375,2.5,3.5
95410,3.0,2.18
95466,2.06,3.5
95488,2.0,1.0
95501,3.5,3.0
95509,2.06,2.5
95536,2.5,2.5
95547,0.5,3.0
95598,2.06,3.0
95614,2.0,3.0
95645,2.0,2.5
95646,2.5,2.0
95648,2.06,3.5
95655,2.06,2.0
95677,2.0,2.18
95708,2.06,2.5
95719,1.0,2.18
95737,2.06,2.0
95789,2.0,2.0
95859,2.0,2.0
95884,3.0,2.5
95895,2.0,3.0
95941,2.06,2.5
95943,1.0,0.5
95948,2.5,3.0
95953,1.0,1.0
95961,2.06,1.0
95993,1.0,0.5
96006,2.0,1.5
96040,2.0,2.18
96046,3.0,4.0
96065,2.0,4.0
96109,3.5,3.0
96155,4.5,2.18
96178,2.06,2.0
96211,2.06,3.5
96218,2.5,1.0
96225,3.5,2.0
96244,0.5,1.0
96265,1.0,2.18
96304,2.06,4.0
96340,3.0,2.18
96441,2.5,2.18
96447,3.0,3.0
96482,2.06,2.0
96531,4.0,3.0
96551,2.06,1.0
96553,2.5,2.18
96590,1.0,2.18
96600,1.5,2.18
96601,3.0,2.0
96608,2.0,2.18
96649,3.0,3.0
96677,2.0,2.0
96684,2.06,2.5
96698,2.06,4.0
96700,1.0,2.18
96750,1.5,2.18
96788,2.0,0.5
96795,2.06,0.5
96796,2.06,0.5
96800,1.0,1.0
96859,0.5,2.0
96884,2.06,2.0
96903,1.0,1.0
96913,2.06,1.0
96925,3.0,2.18
96947,3.0,2.18
97002,2.0,2.18
97054,2.06,3.0
97112,2.06,2.0
97119,2.5,2.5
97141,4.0,4.0
97163,2.06,3.0
97168,2.0,2.18
97176,1.0,1.5
97187,1.0,1.0
97198,2.06,2.0
97226,2.06,3.0
97257,2.0,2.18
97260,0.5,3.0
97277,2.06,4.0
97300,2.06,1.0
97342,2.5,2.18
97410,2.06,4.0
97423,2.0,2.0
97434,3.0,2.18
97437,1.5,2.5
97438,2.5,2.0
97474,1.5,2.18
97512,3.0,1.0
97521,2.0,2.18
97533,1.0,2.18
97550,2.06,3.0
97557,2.06,2.0
97558,2.0,2.18
97586,2.0,2.18
97602,2.06,2.0
97614,2.5,3.0
97628,2.5,2.18
97642,2.06,0.5
97656,2.5,2.18
97691,3.5,3.0
97731,2.06,2.0
97735,2.5,2.0
97738,2.06,1.5
97744,3.0,3.0
97750,2.06,4.0
97770,2.5,2.5
97804,2.0,3.0
97819,3.0,2.18
97826,4.0,3.0
97845,3.5,2.18
97853,2.0,2.18
97860,1.0,2.5
97873,1.5,2.5
97891,2.06,2.5
97926,3.0,4.0
97932,2.06,1.0
97952,3.0,3.0
97953,3.0,3.0
97984,2.0,2.18
98010,2.0,2.18
98017,1.5,1.5
98038,0.5,2.18
98046,0.5,0.5
98057,1.0,2.0
98103,2.06,1.0
98107,2.06,1.0
98144,1.0,2.18
98168,2.5,3.0
98206,1.5,3.5
98211,1.0,2.5
98212,2.06,2.0
98213,3.0,3.5
98231,3.0,3.0
98288,2.5,2.18
98292,3.0,2.18
98320,2.06,2.0
98369,2.5,2.18
98371,1.5,2.0
98394,2.06,3.0
98412,2.0,3.0
98420,0.5,2.0
98439,2.06,3.0
98464,3.5,2.18
98470,0.5,1.5
98514,3.0,2.18
98528,2.0,3.0
98541,1.5,2.0
98560,2.06,2.5
98597,2.0,1.0
98630,1.0,2.18
98687,3.0,3.0
98812,4.0,2.0
98818,2.06,1.0
98833,2.06,2.5
98842,1.0,1.0
98871,2.06,2.0
98875,2.0,2.0
98899,2.06,3.0
98921,2.0,2.18
98924,3.0,3.0
98942,1.0,2.18
99005,2.06,3.0
99054,2.06,1.5
99079,1.0,2.18
99103,2.06,2.0
99196,1.5,2.18
99208,2.06,2.5
99254,0.5,2.18
99296,5.0,2.18
99313,2.0,1.0
99342,1.0,0.5
99347,1.0,2.18
99360,2.0,2.0
99384,3.0,1.5
99386,3.5,2.5
99416,2.06,3.5
99447,2.0,2.18
99448,2.06,2.0
99458,1.0,2.18
99474,2.06,1.0
99485,2.06,3.5
99499,3.0,2.18
99504,2.06,1.0
99518,2.5,2.5
99522,2.06,5.0
99523,3.0,2.18
99524,2.06,3.5
99525,2.0,2.18
99551,2.0,2.0
99552,4.0,2.18
99620,1.0,2.18
99630,3.0,2.18
99706,2.0,2.18
99773,4.0,4.0
99774,1.0,3.0
99781,3.0,2.5
99796,1.0,2.5
99800,2.06,2.0
99807,2.06,3.0
99937,2.0,2.18
99941,3.0,2.18
99967,0.5,0.5
99985,2.0,2.18
99991,2.06,1.0
100009,2.06,4.0
100020,2.0,3.5
100023,1.0,1.0
100081,3.5,2.5
100115,2.06,1.0
100134,0.5,0.5
100169,2.0,2.18
100213,2.0,3.0
100254,1.5,2.5
100273,2.06,2.0
100286,3.0,4.0
100313,1.0,2.18
100332,2.0,2.18
100349,1.0,4.0
100358,0.5,2.18
100366,2.0,3.0
100370,2.06,3.0
100371,2.06,2.0
100373,2.06,2.0
100405,3.5,3.0
100418,2.0,1.5
100438,2.06,2.5
100492,0.5,2.5
100506,3.0,2.0
100546,3.5,2.18
100586,1.0,1.0
100596,2.06,2.5
100614,2.5,2.5
100618,0.5,2.18
100635,2.06,1.5
100649,2.06,3.0
100650,1.0,2.0
100652,3.5,3.0
100674,2.06,1.0
100694,1.5,0.5
100697,2.06,2.0
100712,3.0,4.0
100738,2.06,0.5
100778,2.06,3.0
100781,0.5,1.0
100791,0.5,0.5
100801,1.0,0.5
100804,2.0,2.18
100805,2.0,2.0
100886,1.0,2.18
100903,2.06,2.0
100927,0.5,2.18
100937,4.0,2.18
100953,3.0,0.5
100992,1.5,2.0
101029,2.06,1.5
101033,2.06,1.5
101063,2.06,3.5
101085,1.0,2.18
101108,1.5,2.0
101110,1.0,1.0
101119,3.0,1.0
101127,3.0,2.0
101146,2.0,2.18
101155,2.06,2.5
101165,1.5,0.5
101171,2.0,2.18
101187,2.5,2.18
101197,2.0,2.18
101234,2.06,2.0
101242,2.06,0.5
101274,2.0,2.0
101275,1.5,1.5
101283,3.0,4.0
101292,1.0,1.0
101345,1.5,2.18
101372,2.0,2.18
101373,3.0,2.18
101452,2.5,2.0
101458,4.0,2.18
101499,1.0,2.18
101505,3.0,2.18
101515,1.0,2.18
101526,2.06,3.0
101536,2.5,3.5
101577,4.0,2.18
101652,2.06,1.0
101670,0.5,0.5
101675,3.0,2.18
101703,2.06,3.5
101765,2.06,3.5
101768,2.0,2.0
101785,0.5,1.5
101828,2.06,4.0
101900,3.0,2.5
101901,4.0,4.0
101904,2.06,2.5
101948,2.0,2.0
101971,2.0,2.18
101975,2.0,2.5
101999,2.0,1.0
102000,3.0,2.18
102004,2.06,1.0
102032,2.0,2.5
102038,3.5,2.5
102055,2.06,2.0
102098,0.5,1.0
102118,2.06,2.0
102131,3.0,3.0
102159,2.06,1.0
102196,2.06,2.5
102197,2.06,1.0
102213,0.5,1.0
102252,1.0,2.18
102255,0.5,1.0
102262,1.0,1.5
102279,2.0,1.0
102318,2.0,3.5
102347,2.06,4.0
102349,2.06,2.5
102363,2.06,2.5
102369,2.06,1.5
102373,2.0,3.0
102411,3.0,2.18
102420,2.0,2.18
102421,2.06,2.0
102440,2.06,4.0
102497,2.06,1.5
102502,1.0,2.18
102532,1.5,2.5
102565,2.0,2.0
102595,2.06,1.5
102608,2.06,2.0
102665,2.06,3.0
102705,3.0,4.0
102725,2.06,1.0
102743,0.5,2.18
102764,3.0,2.0
102775,2.06,1.0
102793,1.0,1.0
102820,3.0,2.18
102845,1.0,2.18
102865,1.5,2.0
102888,3.0,1.0
102907,1.0,0.5
102911,1.0,1.0
102945,2.0,1.5
102950,2.06,2.5
103018,2.0,3.0
103027,2.06,0.5
103028,0.5,0.5
103076,1.0,2.18
103088,2.5,2.18
103090,2.06,2.0
103109,4.0,3.0
103113,2.5,2.18
103126,2.06,3.0
103136,3.0,2.18
103147,2.0,2.18
103186,1.0,2.0
103199,1.0,2.0
103203,2.06,2.0
103223,1.0,2.0
103225,3.0,2.18
103244,2.5,2.18
103254,2.0,3.0
103281,3.0,2.18
103291,1.5,1.5
103294,2.5,2.5
103306,3.0,3.0
103329,2.0,2.18
103362,2.0,2.5
103444,0.5,2.18
103492,1.0,2.18
103515,2.5,2.0
103521,1.0,1.0
103528,1.5,2.0
103610,1.0,2.18
103640,3.5,4.0
103641,3.0,3.0
103645,2.06,2.0
103654,1.5,1.0
103668,0.5,2.5
103676,2.06,2.0
103701,2.5,2.0
103702,2.06,2.5
103709,3.5,4.0
103741,2.06,3.5
103745,2.0,2.18
103749,2.0,2.0
103757,1.0,1.0
103804,2.0,2.18
103856,3.0,3.0
103861,3.0,3.5
103869,1.0,1.0
103872,2.06,1.0
103889,3.0,1.0
103906,1.5,2.0
103925,2.06,3.0
103941,2.06,3.5
103943,1.0,2.5
103973,2.5,3.0
103986,1.5,2.18
103998,1.5,2.18
103999,2.06,2.0
104015,3.0,2.18
104043,2.0,2.18
104063,3.0,2.5
104084,2.06,0.5
104132,4.0,2.18
104141,2.0,1.0
104235,4.0,4.0
104249,2.0,2.18
104290,2.0,2.0
104345,1.0,2.18
104347,3.0,3.0
104349,3.0,1.0
104394,2.0,3.5
104495,2.0,2.18
104536,2.06,2.5
104581,2.06,2.0
104652,2.06,3.0
104683,2.06,2.0
104691,1.0,2.18
104787,2.06,1.0
104821,1.0,2.18
104824,1.5,2.18
104833,2.06,2.0
104897,0.5,3.5
104916,2.06,1.0
104918,3.0,3.0
104977,4.0,3.5
104990,2.06,2.5
105031,2.06,1.0
105040,3.0,2.0
105059,3.0,1.0
105070,1.0,2.18
105084,2.0,2.18
105126,1.0,1.0
105156,1.0,3.0
105161,1.0,2.18
105165,3.0,2.18
105170,2.06,2.5
105178,2.0,2.18
105192,2.06,1.5
105201,1.0,2.18
105216,1.5,1.0
105217,1.0,2.18
105227,1.5,3.0
105295,2.0,3.0
105308,3.0,3.5
105325,1.0,2.18
105331,1.0,1.0
105343,1.0,2.5
105370,2.0,1.5
105395,2.06,2.0
105410,2.0,3.0
105434,2.06,3.0
105455,1.0,2.18
105461,3.5,2.18
105492,3.0,2.5
105512,2.0,2.5
105524,3.0,2.18
105547,2.06,0.5
105571,2.06,3.5
105575,3.5,2.18
105580,2.06,1.5
105585,2.06,2.0
105588,3.0,1.0
105605,2.0,2.0
105693,2.5,2.18
105705,4.0,2.18
105712,1.5,1.0
105747,2.0,2.0
105756,3.0,3.5
105782,2.0,2.18
105842,2.06,3.0
105843,3.0,2.5
105856,2.06,2.0
105882,2.06,1.0
105898,1.5,2.0
105940,2.0,2.18
105961,2.06,1.0
105992,3.0,3.0
106041,1.5,2.18
106043,2.5,2.5
106068,2.5,2.5
106137,2.06,3.0
106149,1.0,3.0
106155,2.06,3.0
106158,0.5,3.0
106170,0.5,2.18
106184,1.0,2.18
106193,3.0,3.5
106226,4.0,1.0
106241,1.0,2.18
106248,2.06,1.0
106302,2.06,2.5
106332,2.06,0.5
106441,3.0,2.0
106464,3.5,2.18
106474,4.0,4.0
106476,2.06,2.0
106500,3.0,1.0
106562,5.0,3.0
106579,2.06,2.0
106601,3.5,3.5
106643,1.0,2.18
106647,3.0,1.5
106655,2.06,4.0
106671,2.06,2.0
106676,3.0,0.5
106721,2.0,1.0
106737,2.0,2.0
106802,2.5,1.5
106813,3.0,4.0
106817,1.0,1.0
106877,2.0,1.0
106894,2.06,2.0
106895,2.0,2.0
106897,0.5,2.18
106906,4.5,3.0
106911,2.0,2.18
106922,2.5,3.0
106925,2.0,2.0
106938,0.5,2.18
106939,4.0,1.0
106955,2.06,2.0
106976,3.5,3.5
106989,3.5,2.18
107011,2.06,1.0
107022,1.0,2.0
107036,3.5,4.0
107057,3.5,3.5
107086,1.5,2.18
107087,2.5,2.18
107091,1.0,2.18
107129,3.5,2.18
107154,3.0,3.0
107160,2.06,0.5
107164,3.0,3.0
107189,4.0,2.18
107214,1.0,2.0
107226,2.5,2.5
107232,3.0,2.0
107278,2.06,1.0
107288,2.06,2.0
107317,2.06,0.5
107324,1.0,2.18
107326,2.06,2.0
107331,2.06,2.5
107356,0.5,2.18
107395,2.06,2.0
107397,2.06,2.5
107398,3.5,2.18
107440,1.0,2.18
107493,2.06,1.5
107520,1.0,0.5
107560,3.0,2.18
107561,2.06,1.0
107572,0.5,2.18
107579,2.0,1.5
107598,3.0,3.5
107628,3.0,2.5
107640,2.06,3.5
107674,1.0,1.0
107709,2.06,1.0
107715,1.0,0.5
107720,2.5,3.0
107769,2.06,1.0
107800,2.06,2.0
107806,3.0,1.0
107823,2.0,2.0
107861,2.06,3.5
107904,1.5,0.5
107982,3.0,2.18
108004,2.06,2.0
108011,3.5,3.5
108028,0.5,0.5
108082,2.06,1.5
108089,1.0,2.18
108117,1.0,1.5
108142,1.5,1.5
108152,1.0,1.0
108176,2.06,2.0
108186,2.5,1.5
108195,2.0,1.5
108223,2.06,1.0
108248,0.5,1.0
108256,3.0,2.18
108285,2.0,2.0
108291,2.0,2.18
108316,2.0,2.18
108355,2.5,2.5
108357,2.0,2.18
108362,2.5,2.18
108381,0.5,2.18
108386,2.0,1.5
108393,0.5,2.18
108402,2.06,2.0
108403,3.0,2.18
108427,2.5,3.0
108493,2.06,1.0
108520,2.06,2.0
108544,0.5,1.5
108554,1.0,2.18
108564,3.0,2.18
108582,0.5,2.0
108598,2.0,2.0
108619,2.0,3.0
108641,1.5,2.5
108651,2.06,2.5
108652,2.0,2.18
108670,1.0,2.18
108674,2.06,2.0
108687,1.0,2.18
108715,2.5,3.0
108721,2.0,3.0
108737,0.5,2.18
108758,2.5,0.5
108838,0.5,3.0
108847,3.5,3.0
108850,0.5,1.0
108862,2.0,2.18
108872,2.06,3.0
108875,2.06,2.0
108893,2.06,3.0
108910,2.0,2.18
108975,2.06,3.0
108996,1.0,2.18
109009,2.06,1.0
109040,3.5,2.5
109066,2.06,3.0
109067,2.5,1.5
109096,1.5,1.0
109124,2.06,3.0
109144,1.0,2.18
109152,2.0,2.18
109156,2.0,1.5
109184,2.06,2.5
109186,4.0,4.0
109245,2.0,2.18
109286,2.0,2.18
109291,3.5,2.18
109368,2.0,1.0
109379,4.0,2.18
109388,2.5,2.18
109409,2.06,1.0
109433,3.0,2.18
109469,2.06,2.0
109473,2.06,3.0
109484,1.0,2.18
109503,2.06,1.0
109522,2.5,2.18
109575,2.06,3.0
109599,2.5,1.5
109687,2.5,2.18
109695,2.0,2.5
109702,1.0,2.18
109712,3.0,2.18
109717,2.06,3.5
109735,4.0,4.0
109745,2.06,2.0
109757,2.06,3.0
109762,5.0,2.18
109843,0.5,1.0
109864,2.0,1.0
109883,1.0,1.0
109888,2.0,2.18
109900,2.0,2.18
109910,1.0,2.18
109915,2.06,2.5
109950,2.06,1.0
109954,2.5,2.18
109980,1.0,2.0
110002,2.06,3.5
110004,3.0,3.0
110129,2.0,2.0
110130,2.06,0.5
110149,2.0,2.18
110172,1.5,2.18
110190,2.5,4.0
110227,1.0,1.5
110255,2.0,2.5
110307,3.0,3.0
110332,2.0,2.18
110357,2.06,3.5
110359,2.06,1.0
110392,1.5,2.0
110432,1.0,1.0
110439,2.06,0.5
110447,2.06,2.0
110458,2.0,2.0
110465,2.06,2.0
110468,2.0,2.0
110512,2.06,2.0
110605,2.06,3.5
110607,2.0,2.0
110609,1.5,2.5
110617,1.0,2.18
110659,2.06,2.0
110670,2.0,0.5
110706,2.5,2.18
110708,2.06,2.5
110754,2.06,4.0
110758,2.0,2.18
110804,2.06,3.5
110806,2.5,2.18
110825,2.06,3.0
110826,0.5,2.0
110846,0.5,1.5
110847,3.0,2.5
110858,2.06,0.5
110874,2.06,2.0
110878,0.5,2.18
110890,2.06,1.0
110925,3.0,2.18
110984,1.5,0.5
110991,3.0,3.0
111088,1.5,2.18
111100,2.06,4.0
111102,0.5,0.5
111112,2.0,2.18
111139,2.0,2.18
111176,0.5,0.5
111177,2.06,1.5
111188,2.06,2.5
111193,2.06,3.0
111202,3.5,3.5
111205,2.5,2.0
111212,3.0,1.0
111232,2.06,2.0
111271,1.0,2.18
111317,2.06,2.0
111321,3.5,1.5
111341,2.0,2.5
111357,1.0,2.18
111359,2.06,2.0
111373,3.5,3.0
111402,0.5,2.18
111407,2.5,1.0
111485,3.0,2.18
111501,0.5,2.18
111549,2.0,3.0
111560,3.0,2.18
111611,2.5,0.5
111632,1.0,2.18
111649,4.5,2.0
111650,2.06,2.5
111657,2.06,0.5
111664,1.0,1.5
111730,2.06,2.0
111753,2.0,3.0
111787,2.06,3.5
111827,3.0,2.18
111859,2.06,2.0
111862,2.5,2.5
111865,3.0,1.0
111880,3.5,2.18
111881,2.5,2.5
111887,2.0,2.0
111912,2.0,2.18
111921,2.06,2.5
111933,2.0,2.0
111959,3.0,2.5
111962,2.06,1.0
111963,2.06,4.0
111981,2.06,3.5
111982,2.5,1.5
111998,5.0,2.18
112008,2.06,1.0
112011,2.06,3.0
112016,2.06,2.5
112034,5.0,3.0
112049,3.0,2.18
112084,0.5,0.5
112109,3.0,3.0
112112,2.0,1.0
112116,1.5,2.5
112120,3.0,3.0
112142,3.0,1.0
112147,1.5,0.5
112158,2.0,1.5
112174,2.06,3.5
112203,0.5,1.5
112215,3.0,2.18
112237,1.0,2.0
112245,3.0,2.18
112284,2.06,3.0
112297,1.0,2.18
112308,2.0,3.0
112320,3.5,3.0
112328,1.5,0.5
112337,3.0,2.18
112365,1.5,1.0
112390,2.06,3.0
112392,1.0,2.18
112406,0.5,1.5
112418,2.06,2.0
112512,2.06,2.5
112519,2.0,2.0
112538,1.5,1.5
112567,0.5,2.18
112572,2.06,3.0
112586,2.06,1.0
112680,1.0,3.5
112685,1.5,1.0
112703,2.0,3.5
112742,0.5,2.18
112774,2.06,1.0
112802,3.5,2.18
112832,2.06,2.0
112852,2.0,2.0
112855,1.0,2.18
112873,2.06,3.5
112913,1.0,2.0
112916,2.0,2.0
112921,1.0,1.0
112943,2.06,2.5
112988,1.0,2.0
113009,1.0,2.18
113011,3.0,3.0
113073,2.5,1.5
113075,3.0,1.5
113081,2.5,2.5
113129,0.5,3.0
113181,1.0,2.18
113185,3.0,3.0
113209,2.5,2.5
113256,2.06,2.0
113280,1.0,2.18
113336,2.0,1.5
113348,1.5,3.0
113369,2.06,3.5
113445,0.5,2.18
113456,2.0,1.0
113476,2.06,2.0
113487,3.0,1.5
113495,1.5,1.5
113540,3.5,2.0
113564,1.5,2.18
113580,2.06,0.5
113604,2.06,4.0
113609,1.0,2.18
113610,2.0,3.5
113630,2.0,3.0
113632,2.06,0.5
113660,3.0,3.0
113663,3.0,3.0
113668,2.0,0.5
113734,2.06,2.5
113770,3.0,2.18
113772,2.06,2.0
113773,2.06,1.0
113806,3.0,3.5
113829,2.0,1.0
113846,3.0,3.0
113857,2.06,0.5
113869,2.06,1.0
113898,2.0,1.0
113909,1.0,2.18
113911,2.06,3.5
113917,1.5,2.18
113923,2.06,3.5
113953,1.0,2.18
113954,0.5,2.18
113991,2.5,3.0
113996,2.0,2.0
114005,3.0,2.18
114009,0.5,3.0
114011,1.0,0.5
114043,0.5,2.18
114044,3.0,2.18
114045,2.0,2.18
114053,1.5,2.18
114057,3.0,2.5
114087,2.06,2.0
114096,2.0,1.5
114183,2.06,1.0
114204,1.0,2.18
114210,3.0,2.0
114266,2.0,3.0
114270,2.5,2.5
114299,0.5,2.5
114300,1.0,2.18
114301,0.5,1.0
114347,2.06,4.0
114394,1.5,2.18
114406,0.5,0.5
114412,0.5,2.18
114419,1.0,0.5
114440,2.06,2.5
114491,2.0,2.18
114518,1.5,1.0
114531,0.5,2.0
114535,2.0,2.0
114544,0.5,2.18
114545,1.5,2.18
114570,1.0,1.0
114573,4.0,3.0
114579,2.06,2.5
114601,0.5,2.18
114624,2.0,2.0
114659,2.0,2.0
114671,0.5,2.18
114701,1.0,2.18
114717,2.5,2.5
114722,2.06,2.0
114758,2.5,2.5
114805,1.0,0.5
114817,2.06,1.0
114857,2.06,1.0
114897,2.0,3.0
114898,0.5,1.0
114911,2.0,1.5
114933,2.5,3.0
114940,3.0,2.18
114966,2.0,2.18
114982,2.5,2.18
114989,0.5,0.5
114992,2.06,1.0
115062,3.0,3.0
115084,0.5,2.18
115087,3.0,4.0
115115,3.0,2.18
115156,2.06,2.0
115176,2.5,2.18
115212,3.0,3.5
115226,1.5,0.5
115239,0.5,2.5
115252,2.06,2.5
115257,2.06,1.0
115268,1.5,2.18
115295,2.06,3.5
115344,3.5,4.0
115351,2.06,2.0
115364,3.0,2.18
115376,1.0,1.0
115397,2.0,2.18
115408,0.5,2.18
115424,2.06,2.0
115462,3.0,2.18
115473,1.5,2.18
115496,3.5,1.5
115502,2.06,1.0
115575,0.5,2.18
115585,2.06,3.0
115604,2.0,2.0
115631,2.5,2.18
115652,2.06,0.5
115681,3.0,2.18
115721,1.0,3.0
115754,2.06,4.0
115789,2.06,3.0
115811,1.0,2.18
115824,3.5,1.5
115825,0.5,2.18
115834,2.06,3.5
115843,2.06,2.0
115852,2.06,3.0
115870,3.5,3.0
115913,3.0,2.5
115918,2.06,3.0
115962,2.0,2.18
115982,2.5,0.5
116007,1.0,2.0
116033,2.06,3.0
116057,1.5,2.18
116067,3.0,3.5
116084,2.06,2.5
116095,2.06,3.0
116113,2.06,2.0
116127,1.0,2.18
116189,1.0,2.5
116215,2.0,2.0
116220,3.0,1.0
116230,1.0,1.0
116241,2.06,1.0
116251,2.06,1.0
116287,2.5,2.5
116298,1.0,2.0
116302,1.0,2.18
116317,1.5,2.5
116353,2.06,0.5
116360,3.0,2.0
116361,2.5,2.18
116430,2.0,2.18
116446,4.0,2.18
116454,3.5,3.5
116498,2.06,2.5
116501,2.0,3.5
116526,3.5,2.5
116544,2.06,2.5
116555,1.0,2.18
116562,2.0,1.0
116570,1.0,2.18
116579,3.0,3.0
116587,2.06,1.0
116590,2.5,3.0
116608,2.06,1.5
116612,3.0,1.0
116630,3.0,2.18
116653,1.0,2.0
116724,3.0,3.0
116896,2.06,3.5
116900,0.5,0.5
116907,2.06,3.0
116918,3.5,2.18
116960,2.06,3.0
116996,2.06,2.0
117005,1.5,2.18
117011,2.06,3.0
117015,3.5,3.5
117033,3.0,3.0
117053,2.06,1.5
117098,2.0,1.5
117144,0.5,1.0
117156,2.06,1.0
117157,2.06,2.0
117169,2.0,3.0
117190,1.0,2.18
117217,2.06,3.0
117253,2.06,2.5
117279,3.0,2.18
117286,3.0,4.0
117289,2.0,2.18
117290,3.0,2.18
117318,2.06,1.0
117349,0.5,0.5
117363,2.06,2.0
117384,2.0,2.0
117395,1.5,0.5
117464,2.06,2.5
117465,2.0,2.18
117508,2.06,1.0
117541,2.06,1.0
117590,2.06,4.0
117617,2.5,2.18
117648,1.0,2.18
117680,2.06,2.0
117687,3.0,2.18
117690,1.5,1.5
117708,0.5,2.18
117720,2.0,2.18
117789,4.0,2.18
117793,2.06,2.0
117861,1.5,2.18
117876,1.0,1.0
117893,2.0,2.0
117904,2.06,1.0
117948,2.5,2.5
117951,2.5,2.18
117961,3.0,2.18
117980,1.0,2.18
117987,2.06,3.0
118010,3.0,4.0
118054,2.06,1.5
118106,1.0,2.18
118127,1.5,2.18
118128,3.0,2.18
118138,2.06,3.5
118155,2.06,3.5
118166,3.0,2.0
118174,3.0,3.0
118191,2.0,2.5
118205,3.0,2.0
118229,2.5,2.5
118236,2.0,3.0
118254,0.5,1.5
118256,2.06,1.0
118266,3.5,3.0
118277,3.0,2.18
118327,4.0,2.0
118344,1.5,2.0
118349,2.06,3.5
118372,2.06,2.5
118377,3.0,2.18
118416,2.5,2.0
118503,2.06,2.0
118534,3.5,4.0
118555,2.0,2.18
118568,3.0,2.18
118596,2.06,1.0
118631,2.06,2.0
118632,2.06,2.0
118671,1.0,2.18
118698,2.06,1.5
118754,0.5,1.5
118777,2.06,4.0
118845,2.06,1.0
118847,1.0,2.18
118848,2.5,2.5
118860,2.0,0.5
118895,3.0,3.0
118898,2.06,1.0
118934,2.06,3.0
118955,2.5,2.0
119013,4.0,2.18
119017,2.06,1.5
119046,2.5,2.18
119048,1.0,1.0
119055,1.0,2.5
119067,3.5,3.5
119088,3.0,2.18
119098,2.0,2.18
119102,0.5,2.18
119121,2.5,2.18
119122,3.0,2.0
119132,2.0,2.18
119140,1.0,2.0
119148,1.0,2.18
119152,2.06,2.5
119214,3.0,2.18
119223,2.5,2.18
119232,3.5,3.5
119242,2.06,2.5
119271,2.0,2.5
119285,2.5,2.5
119323,1.5,1.5
119367,2.0,2.18
119377,2.0,2.18
119384,3.0,3.0
119393,2.06,3.0
119410,2.5,2.5
119445,2.06,3.0
119447,0.5,0.5
119506,1.0,0.5
119515,2.0,3.0
119535,2.06,2.5
119539,3.5,2.18
119542,0.5,1.5
119575,2.06,3.0
119578,2.0,4.0
119586,4.0,4.0
119591,3.0,2.18
119654,2.06,3.0
119661,4.0,3.0
119664,1.0,1.5
119675,2.06,2.0
119677,3.0,2.18
119699,2.06,2.0
119701,0.5,0.5
119724,0.5,0.5
119734,2.06,1.0
119778,3.0,2.0
119791,0.5,0.5
119800,2.06,2.5
119809,3.0,1.0
119842,2.0,2.18
119869,2.06,2.5
119897,2.06,2.0
119916,3.0,2.0
119947,1.0,1.0
119963,2.0,2.5
119981,3.0,2.18
119989,2.06,3.0
120006,1.0,4.0
120014,5.0,2.18
120040,2.06,3.0
120067,1.5,3.5
120086,2.06,2.0
120097,0.5,1.0
120105,2.0,2.0
120118,3.0,2.18
120122,2.06,3.0
120133,2.5,2.0
120140,2.0,1.0
120249,2.06,1.0
120267,2.06,2.0
120290,3.5,1.0
120312,3.0,2.18
120354,2.0,2.18
120376,2.06,2.5
120379,2.06,1.0
120395,0.5,2.18
120415,1.0,1.0
120450,3.0,2.18
120458,3.0,2.0
120518,3.0,2.18
120524,2.0,2.18
120571,3.5,3.5
120572,1.0,2.18
120575,2.5,3.0
120576,3.0,3.0
120590,2.0,2.18
120642,1.0,2.5
120644,2.06,2.0
120666,2.5,1.0
120670,2.06,3.5
120677,2.0,2.18
120707,2.0,0.5
120711,2.06,1.0
120716,1.0,1.0
120726,2.0,3.0
120734,3.0,2.18
120754,2.0,1.0
120765,4.0,2.18
120820,2.06,3.0
120829,3.0,2.5
120853,2.06,2.5
120876,2.06,1.0
120892,2.06,1.0
120918,3.0,3.0
120926,1.0,2.18
120932,3.0,2.0
120934,2.5,2.18
120939,2.06,3.0
120942,2.06,2.0
120948,1.5,1.0
120955,2.06,2.5
120981,2.06,2.0
120991,2.06,1.0
121052,2.06,1.0
121055,4.0,2.18
121064,2.06,3.5
121202,2.0,1.0
121216,2.06,0.5
121221,2.06,4.0
121308,3.0,3.0
121328,3.5,3.5
121333,1.0,2.0
121334,2.5,2.18
121434,1.0,2.18
121436,3.0,1.0
121466,1.5,2.18
121484,2.06,1.0
121487,2.06,2.5
121535,2.0,2.0
121555,2.06,2.0
121561,4.0,2.0
121620,1.0,2.18
121650,0.5,2.5
121678,2.06,1.0
121682,1.0,1.5
121712,1.0,2.0
121713,1.0,2.18
121719,3.0,3.0
121723,2.06,1.5
121733,2.0,2.18
121735,2.06,2.5
121774,1.0,2.18
121790,1.0,2.18
121853,0.5,2.0
121894,2.0,3.0
121930,1.5,2.0
122027,2.06,2.5
122029,2.5,2.0
122035,4.0,4.0
122050,2.0,2.18
122055,2.06,3.0
122058,2.0,2.18
122079,2.06,2.5
122143,2.06,2.5
122151,1.0,2.18
122160,2.0,2.18
122161,2.06,1.0
122164,2.0,2.18
122178,3.0,3.0
122218,3.0,4.0
122222,3.0,3.0
122224,2.06,1.0
122266,2.06,2.0
122289,0.5,1.5
122301,2.06,1.5
122319,1.5,2.18
122364,2.0,2.18
122371,2.06,4.0
122380,2.0,2.18
122382,3.0,2.18
122430,1.0,2.0
122436,3.0,3.0
122462,1.0,3.0
122471,3.5,2.0
122488,2.06,1.5
122509,2.0,2.18
122510,0.5,2.18
122514,2.0,1.5
122521,2.0,2.18
122534,2.0,2.18
122560,2.06,1.0
122565,1.5,2.18
122609,1.0,2.0
122610,1.0,2.0
122641,3.5,3.0
122651,2.06,1.0
122652,3.0,2.5
122679,1.0,3.0
122719,4.0,3.0
122735,2.06,2.5
122737,2.06,3.0
122741,0.5,2.5
122758,3.5,2.18
122792,2.06,1.0
122803,2.06,1.0
122818,3.0,2.0
122860,0.5,2.18
122871,2.06,4.0
122897,2.06,1.0
122909,2.06,3.0
122919,2.06,1.0
122939,2.06,0.5
122951,1.0,2.5
122952,1.0,1.0
122980,5.0,2.18
122984,2.06,2.5
122995,4.0,3.0
123016,2.06,1.0
123020,2.06,3.0
123040,2.06,3.5
123059,1.0,1.0
123144,2.06,1.0
123148,1.5,1.5
123228,4.0,3.0
123300,2.06,3.0
123327,2.06,3.0
123334,3.0,3.0
123352,2.0,2.18
123360,2.06,2.0
123378,2.5,2.0
123398,3.0,3.0
123429,2.5,3.0
123487,3.0,2.18
123500,1.5,2.18
123514,1.0,1.0
123537,3.0,3.5
123601,2.06,0.5
123638,3.0,2.18
123642,4.0,4.0
123652,1.5,1.5
123677,3.0,3.0
123680,2.06,3.0
123717,1.0,2.18
123724,2.06,2.5
123749,4.0,4.0
123754,1.0,2.18
123799,4.0,4.0
123810,2.06,3.0
123817,1.0,2.18
123855,2.0,1.0
123945,2.06,2.0
123946,0.5,1.0
123949,1.0,2.18
123964,2.5,3.0
123983,1.0,2.18
123987,2.0,2.18
124004,3.0,2.18
124051,2.06,2.5
124078,2.5,2.18
124093,3.0,2.18
124104,1.5,2.18
124107,2.0,2.5
124123,0.5,2.18
124133,3.5,3.0
124146,3.0,2.18
124163,3.0,2.5
124204,2.0,2.5
124220,4.0,4.0
124239,2.0,3.0
124246,4.0,2.18
124257,2.06,2.0
124275,1.0,3.0
124297,2.0,2.0
124321,2.0,1.0
124329,2.06,3.5
124339,1.5,2.18
124340,4.0,2.18
124413,2.06,3.5
124425,2.06,2.0
124460,1.5,2.18
124469,2.06,1.5
124531,2.0,2.18
124535,1.0,2.18
124547,2.06,1.0
124555,3.0,2.18
124576,2.06,1.5
124588,2.06,3.0
124614,3.0,2.18
124622,2.0,2.18
124633,1.0,1.0
124676,0.5,2.0
124722,2.06,3.0
124726,2.5,2.0
124764,3.0,2.18
124795,1.5,1.0
124807,2.5,2.18
124822,1.0,2.0
124827,3.0,2.18
124831,1.0,2.18
124834,2.06,2.5
124861,1.5,2.18
124933,2.5,3.5
124943,2.06,4.0
124963,2.06,1.0
124967,2.06,1.0
124968,1.0,2.18
125007,3.5,2.18
125010,1.0,3.0
125022,2.06,1.0
125025,3.0,2.18
125065,1.5,2.5
125084,3.5,2.18
125113,2.06,1.0
125125,2.0,2.18
125130,2.0,3.0
125137,1.0,2.5
125165,2.06,3.0
125171,2.5,2.5
125182,1.5,2.18
125245,2.06,2.0
125268,2.06,2.0
125269,2.06,2.0
125270,2.5,2.18
125311,2.0,2.18
125335,2.06,2.5
125339,3.0,2.18
125344,2.0,1.5
125351,2.06,2.0
125353,1.0,3.5
125380,2.06,3.5
125391,2.06,3.0
125417,2.0,1.0
125439,2.0,2.18
125444,0.5,2.18
125447,2.06,1.0
125456,1.0,2.5
125493,3.5,2.18
125503,2.06,4.0
125541,3.0,2.18
125545,2.06,1.0
125546,2.06,2.5
125581,2.0,3.0
125610,2.06,3.0
125621,3.0,0.5
125622,4.5,2.0
125641,3.0,4.0
125649,3.0,2.18
125681,1.5,2.18
125690,0.5,2.18
125701,2.06,1.0
125703,1.0,2.0
125711,2.06,3.0
125726,2.06,2.0
125732,2.5,2.0
125772,2.06,3.5
125777,2.06,2.0
125794,4.0,2.0
125795,2.06,3.0
125826,3.0,2.0
125846,2.0,2.18
125849,2.5,2.5
125850,1.0,2.0
125892,3.0,2.18
125896,2.06,2.5
125921,2.5,2.0
125924,2.5,2.0
125930,2.5,1.0
125969,3.0,2.0
125972,2.0,3.0
126049,2.0,3.0
126067,1.5,1.5
126072,4.5,2.5
126075,3.0,2.18
126121,3.5,2.18
126127,0.5,1.5
126134,1.0,2.18
126165,2.5,2.5
126177,3.0,2.18
126231,2.0,2.18
126293,2.0,1.0
126304,0.5,0.5
126395,1.0,2.18
126467,2.06,2.0
126474,3.5,0.5
126524,2.0,2.18
126527,2.0,2.18
126540,3.0,2.18
126565,2.06,2.0
126575,3.5,2.18
126588,2.06,1.0
126611,0.5,1.5
126612,4.5,2.5
126629,3.0,2.18
126661,1.0,1.0
126672,2.0,2.18
126678,3.0,2.18
126714,2.5,2.18
126718,0.5,2.18
126720,1.0,0.5
126730,1.0,1.0
126744,2.0,2.18
126824,2.06,2.0
126862,2.0,3.0
126909,1.0,1.0
126912,1.0,2.18
126925,0.5,2.0
126941,2.06,1.0
126954,3.0,3.0
126955,1.0,3.0
126964,2.06,2.0
127005,1.0,2.18
127013,2.5,2.5
127017,2.5,2.18
127038,4.0,3.0
127063,1.0,2.18
127080,3.0,2.18
127131,2.06,3.5
127167,2.06,0.5
127171,1.5,1.0
127187,2.06,1.0
127255,1.0,1.0
127256,2.0,2.18
127258,2.5,3.5
127265,3.0,2.18
127294,2.06,5.0
127301,2.06,4.0
127307,2.0,2.18
127322,2.06,2.0
127341,3.0,2.18
127344,2.06,1.0
127389,2.5,2.0
127450,2.5,2.18
127453,3.0,2.18
127484,2.06,1.0
127486,4.0,4.5
127501,1.5,1.5
127531,2.06,0.5
127548,1.0,0.5
127630,3.5,3.5
127649,1.0,2.18
127689,2.06,1.0
127700,2.06,1.0
127809,2.06,2.0
127825,3.0,3.0
127836,2.0,2.0
127840,1.0,1.0
127901,3.5,2.18
127925,2.0,1.5
127941,1.5,2.5
127948,2.06,3.5
127959,2.06,2.0
128010,2.06,1.0
128042,1.0,2.18
128047,2.5,3.5
128077,2.5,1.5
128111,2.06,3.0
128173,1.0,0.5
128184,2.06,3.0
128190,1.0,2.18
128203,2.0,1.0
128224,0.5,2.18
128233,2.06,3.0
128248,1.0,2.18
128258,4.0,2.18
128285,2.06,1.5
128288,2.06,1.0
128299,3.0,2.18
128303,1.5,2.18
128305,2.06,1.0
128309,1.0,1.5
128352,2.0,2.0
128354,1.0,1.0
128356,2.0,2.5
128411,1.0,1.0
128416,2.06,0.5
128451,2.06,2.0
128455,2.06,2.0
128459,3.0,2.18
128502,4.0,2.18
128503,3.0,2.18
128523,2.0,2.18
128527,3.0,1.0
128542,2.06,1.5
128544,2.06,2.0
128566,2.06,2.0
128630,4.0,2.18
128671,3.0,2.18
128677,2.0,2.18
128690,0.5,1.0
128733,2.06,4.0
128762,2.0,2.0
128797,2.06,3.0
128844,1.5,2.18
128868,1.0,2.18
128931,2.06,3.0
128952,2.06,2.0
129002,2.0,1.0
129005,4.0,1.0
129021,1.5,2.18
129025,2.06,3.5
129041,2.06,1.0
129058,3.5,2.18
129078,2.0,2.18
129079,2.06,4.0
129110,2.06,1.0
129139,3.0,2.18
129159,1.0,2.18
129169,2.0,2.18
129222,2.06,3.0
129225,1.5,0.5
129226,1.0,3.0
129253,2.5,2.18
129255,2.06,1.0
129338,3.0,2.18
129351,2.06,2.0
129354,2.06,4.0
129397,2.06,3.0
129402,2.5,4.5
129420,3.5,4.0
129474,0.5,2.18
129498,1.0,1.0
129501,2.0,2.0
129508,2.06,2.0
129512,1.5,2.18
129540,2.0,3.0
129566,2.5,2.18
129583,3.0,2.18
129587,2.0,4.0
129594,2.06,2.0
129654,1.0,1.5
129683,2.0,2.18
129705,4.0,4.0
129716,2.06,2.0
129743,2.06,0.5
129749,3.0,4.0
129866,2.5,3.0
129903,3.0,2.18
129925,2.06,2.0
129964,2.06,3.0
129995,1.0,2.18
130006,2.06,3.5
130019,2.0,3.0
130036,1.0,2.18
130110,0.5,2.5
130111,2.5,2.5
130156,0.5,2.18
130191,4.0,3.5
130192,1.5,1.0
130236,2.0,2.18
130264,1.0,4.0
130280,2.06,3.0
130322,2.0,1.5
130323,1.0,2.5
130373,2.06,4.5
130384,2.06,1.0
130390,0.5,1.0
130398,2.0,2.0
130420,3.5,2.5
130430,2.06,2.5
130450,0.5,2.0
130456,2.06,2.5
130459,2.5,2.18
130477,1.0,2.5
130491,1.0,2.18
130516,2.5,2.5
130517,2.06,2.5
130535,2.06,3.5
130564,2.0,2.18
130602,2.06,2.0
130622,1.0,0.5
130679,2.0,3.0
130685,2.06,1.5
130686,2.06,1.5
130710,1.0,1.0
130715,4.0,4.0
130721,1.5,2.18
130729,2.0,1.0
130767,1.0,1.5
130774,3.0,1.0
130784,2.06,3.5
130803,4.0,4.5
130809,2.0,2.18
130826,3.0,2.0
130831,3.0,3.0
130859,0.5,0.5
130871,2.5,3.0
130876,2.06,2.0
130892,2.06,2.5
130987,1.5,3.5
131003,2.06,1.0
131005,3.0,0.5
131026,2.5,2.18
131031,2.06,1.0
131032,1.5,2.0
131042,2.06,2.0
131052,0.5,2.5
131053,3.0,2.5
131054,2.5,1.0
131068,2.06,1.0
131086,1.0,1.0
131135,4.0,3.0
131141,2.06,2.0
131153,2.06,2.0
131180,3.0,2.0
131198,1.0,2.18
131227,2.06,1.0
131241,2.06,3.0
131275,2.06,1.5
131277,2.0,2.18
131333,2.06,3.0
131347,2.0,2.0
131366,2.0,2.18
131395,1.0,2.0
131408,3.0,3.5
131434,2.0,2.18
131436,2.0,2.18
131439,1.0,2.18
131458,2.06,1.0
131477,2.06,3.5
131482,3.0,2.0
131528,2.06,3.0
131588,1.5,2.18
131620,2.0,2.0
131630,2.06,1.0
131644,2.06,2.0
131698,1.0,1.0
131721,2.5,3.0
131728,1.5,2.18
131730,2.5,2.0
131741,1.0,2.18
131746,3.0,2.18
131762,2.5,2.5
131773,2.06,2.0
131787,2.06,2.0
131829,2.0,2.18
131836,0.5,0.5
131894,5.0,4.5
131909,2.5,2.0
131910,2.06,3.0
131961,1.0,2.0
131965,2.06,1.0
131980,2.06,1.5
131988,2.06,3.5
132039,4.0,4.5
132050,2.0,2.18
132073,3.0,3.0
132077,2.06,2.0
132082,2.0,2.18
132095,3.5,2.0
132136,3.0,2.18
132185,1.5,1.0
132187,4.0,4.0
132195,2.06,3.0
132253,0.5,2.0
132331,0.5,0.5
132386,0.5,2.18
132392,2.0,2.18
132403,1.0,1.0
132415,2.0,2.0
132419,2.06,2.0
132466,3.0,2.18
132501,3.5,2.18
132509,1.5,2.18
132558,2.06,1.0
132581,2.0,2.18
132582,1.5,2.18
132583,1.0,2.18
132584,3.0,2.18
132591,3.0,2.18
132602,2.0,2.18
132603,1.0,2.0
132606,2.06,2.0
132629,2.06,3.0
132649,2.0,2.18
132712,2.0,1.0
132726,2.06,3.0
132736,3.0,2.18
132747,1.0,2.18
132789,0.5,0.5
132808,2.06,4.0
132828,2.0,2.0
132846,3.0,2.0
132854,2.06,2.5
132882,0.5,0.5
132884,2.06,1.5
132914,2.06,4.0
132947,2.06,2.0
132957,2.06,2.0
132970,3.0,2.18
132973,0.5,2.18
133018,4.0,2.5
133026,2.06,3.0
133042,2.06,1.0
133072,2.06,4.0
133077,2.06,0.5
133082,2.06,2.0
133089,2.5,2.18
133133,2.0,0.5
133187,2.06,1.0
133214,2.0,2.0
133309,2.06,2.0
133329,2.5,2.18
133332,2.06,2.0
133353,1.0,4.0
133365,2.0,2.18
133372,2.0,1.0
133406,2.06,1.0
133410,2.0,2.0
133644,1.5,2.18
133680,2.06,2.5
133695,2.0,1.0
133697,2.0,2.0
133700,2.5,2.5
133701,2.06,3.5
133811,4.0,4.0
133813,2.06,2.0
133821,4.0,2.18
133825,2.06,3.0
133832,3.0,2.0
133834,2.0,2.18
133843,2.0,2.18
133872,3.5,2.18
133925,3.0,3.5
134000,2.0,2.18
134002,2.0,2.0
134080,0.5,2.0
134101,2.06,2.0
134108,2.06,2.0
134109,2.0,1.0
134126,2.0,3.5
134138,1.0,2.18
134144,2.06,2.0
134156,3.0,3.5
134159,2.0,2.0
134163,3.0,2.18
134175,3.5,2.0
134180,3.0,2.18
134181,3.0,2.18
134210,2.0,2.18
134220,2.06,2.0
134233,2.0,4.0
134235,4.0,3.5
134328,1.5,4.0
134352,2.0,2.18
134380,3.0,1.0
134402,2.5,3.0
134421,2.06,2.0
134497,1.0,1.0
134508,1.0,1.5
134521,2.06,1.0
134535,2.0,2.5
134538,1.0,3.0
134547,1.0,2.5
134567,2.5,3.5
134572,2.5,2.0
134593,2.06,2.0
134657,3.0,2.5
134690,3.5,2.0
134728,2.5,2.18
134773,1.0,3.0
134774,2.06,3.0
134779,2.06,3.0
134823,2.0,2.18
134837,3.5,2.18
134857,3.0,3.0
134859,1.0,2.18
134866,0.5,2.18
134870,2.06,3.0
134897,2.0,2.18
134905,2.5,2.0
134911,1.0,3.0
134929,2.0,1.0
134961,2.5,2.18
134964,2.0,4.0
135015,4.0,3.0
135020,2.06,2.5
135056,3.0,2.18
135071,2.0,2.5
135082,1.0,2.18
135090,3.0,1.0
135092,3.5,2.5
135094,2.06,2.0
135105,2.06,3.0
135155,2.0,3.0
135183,3.0,1.0
135194,3.5,4.0
135196,1.5,2.0
135223,1.0,2.18
135232,2.5,2.18
135343,2.06,2.0
135370,2.06,1.0
135388,1.0,1.0
135397,1.0,1.0
135418,3.5,3.0
135425,0.5,2.0
135503,2.06,4.0
135509,3.0,2.0
135519,1.0,1.0
135522,2.0,1.5
135530,3.0,2.18
135542,1.0,5.0
135595,5.0,2.18
135632,2.06,1.0
135652,1.0,3.0
135694,2.06,2.5
135700,2.06,1.0
135726,3.0,2.0
135748,2.06,1.0
135753,2.0,2.0
135765,2.06,2.5
135784,1.5,2.18
135795,1.5,2.18
135806,2.5,2.18
135828,2.06,2.0
135840,2.06,1.0
135857,2.06,3.0
135912,2.06,3.0
135976,0.5,3.0
135984,2.06,2.5
135993,1.5,2.0
136015,1.5,2.18
136032,4.0,2.18
136053,1.0,2.18
136082,2.06,3.0
136095,1.0,1.0
136151,3.0,2.18
136155,4.0,4.0
136202,0.5,1.0
136262,2.06,2.5
136268,2.0,1.5
136293,0.5,1.5
136301,3.0,2.18
136326,2.06,3.0
136329,2.06,2.0
136376,1.5,2.18
136390,2.06,1.5
136393,2.0,2.5
136439,2.06,2.0
136455,2.06,3.5
136479,2.06,5.0
136485,3.0,3.0
136497,2.06,3.5
136498,1.5,2.0
136515,2.0,2.0
136521,3.0,3.0
136568,1.0,2.0
136595,2.06,1.5
136597,5.0,3.5
136599,2.06,1.0
136642,1.5,2.0
136754,2.5,2.18
136780,1.0,1.0
136794,2.06,1.0
136806,2.5,2.0
136819,0.5,1.0
136860,0.5,0.5
136875,2.5,3.0
136877,3.0,3.0
136889,2.06,2.0
136897,2.06,1.5
136930,2.0,3.0
136940,2.06,1.0
136957,3.0,2.18
136960,4.0,2.18
136968,1.0,2.18
136980,4.0,2.18
136989,1.5,1.0
136990,2.0,3.0
136997,4.0,4.0
137015,1.0,0.5
137031,2.0,2.18
137037,2.0,1.0
137049,2.0,2.18
137109,2.06,3.0
137118,2.06,3.5
137130,2.06,2.0
137131,0.5,3.0
137133,1.5,2.5
137143,3.0,4.0
137164,3.0,2.0
137202,2.0,2.0
137255,0.5,2.18
137277,1.5,2.18
137283,3.5,3.0
137342,1.0,0.5
137343,1.0,2.0
137366,2.0,4.0
137369,3.0,2.0
137377,2.06,1.0
137387,2.0,2.0
137417,3.0,3.0
137489,2.5,2.5
137525,0.5,2.18
137528,3.5,3.0
137552,2.06,1.5
137568,3.0,2.18
137612,2.06,2.5
137633,2.06,1.5
137642,2.06,3.0
137648,2.0,2.18
137683,3.0,3.0
137686,2.0,3.0
137746,2.06,2.0
137759,0.5,2.18
137805,0.5,2.18
137807,0.5,2.18
137828,2.06,3.0
137838,2.06,1.5
137839,1.5,1.5
137854,1.5,2.18
137869,1.5,1.0
137870,0.5,2.18
137879,0.5,2.18
137885,1.0,1.0
137893,1.0,2.18
137934,2.06,1.0
137977,3.0,2.0
137993,2.06,1.5
138072,0.5,2.18
138103,2.06,1.5
138115,1.0,0.5
138134,2.0,2.0
138135,2.06,3.0
138170,1.0,1.5
138186,1.0,1.0
138200,2.06,2.5
138201,1.0,2.0
138208,1.0,1.0
138211,2.06,2.0
138254,3.5,4.0
138270,1.0,2.18
138301,1.5,2.18
138307,2.06,1.0
138317,2.06,2.0
138325,1.0,2.18
138335,3.5,2.18
138382,3.0,3.0
138397,2.06,3.0
138404,1.0,2.5
138406,2.0,2.0
138411,3.0,2.18
138456,2.06,1.0
138474,2.06,4.0
